nfl_id,display_name,draft_year,nfl_position,college_name,has_track_background,track_keywords,track_evidence_snippet,wiki_page_title
55867,Will Anderson,2023,DE,Alabama,False,,,Will Anderson Jr.
55870,Paris Johnson,2023,T,Ohio State,False,,,Paris Johnson Jr.
55874,Darnell Wright,2023,T,Tennessee,True,track & field,"He attended Huntington High School where he participated in track & field, football, and basketball. Wright won the 2017 Class AAA State Basketball Championship playing for",Darnell Wright
55875,Peter Skoronski,2023,G,Northwestern,False,,,Peter Skoronski
55877,Lukas Van Ness,2023,DE,Iowa,False,,,Lukas Van Ness
55878,Broderick Jones,2023,T,Georgia,False,,,Broderick Jones
55879,Will McDonald,2023,OLB,Iowa State,True,track and field,"n Waukesha, Wisconsin, where he lettered in basketball, and track and field in addition to football.   == College career ==  McDonald had three tackles with one sack and a for",Will McDonald IV
55884,Jaxon Smith-Njigba,2023,WR,Ohio State,False,,,Jaxon Smith-Njigba
55885,Quentin Johnston,2023,WR,Texas Christian,True,sprinter,"013–2017), Philadelphia Phillies (2018–2020) Ronnie Baker – sprinter Desmond Bane – NBA, selected 30th overall in the 2020 NBA draft, selected for Rising Stars Challeng",List of Texas Christian University alumni
55887,Jordan Addison,2023,WR,Southern California,False,,,Jordan Addison
55888,Deonte Banks,2023,CB,Maryland,False,,,Deonte Banks
55891,Anton Harrison,2023,T,Oklahoma,False,,,Anton Harrison
55900,Michael Mayer,2023,TE,Notre Dame,False,,,Michael Mayer (American football)
55901,Steve Avila,2023,G,Texas Christian,False,,,Steve Avila
55903,Matthew Bergeron,2023,G,Syracuse,False,,,Matthew Bergeron
55904,Jonathan Mingo,2023,WR,Mississippi,False,,,Jonathan Mingo
55905,Isaiah Foskey,2023,DE,Notre Dame,False,,,Isaiah Foskey
55909,Julius Brents,2023,CB,Kansas State,False,,,JuJu Brents
55910,Brian Branch,2023,SS,Alabama,False,,,Brian Branch
55911,Keion White,2023,DE,Georgia Tech,False,,,Keion White
55912,Quan Martin,2023,FS,Illinois,False,,,Quan Martin
55913,Cody Mauch,2023,G,North Dakota State,False,,,Cody Mauch
55914,Keeanu Benton,2023,DT,Wisconsin,False,,,Keeanu Benton
55915,Jayden Reed,2023,WR,Michigan State,False,,,Jayden Reed
55916,Cam Smith,2023,CB,South Carolina,False,,,Cam Smith (cornerback)
55918,Gervon Dexter,2023,DT,Florida,False,,,Gervon Dexter
55919,Tuli Tuipulotu,2023,OLB,Southern California,False,,,Marlon Tuipulotu
55920,Rashee Rice,2023,WR,Southern Methodist,False,,,Rashee Rice
55921,Tyrique Stevenson,2023,CB,Miami,False,,,Tyrique Stevenson
55922,John Michael Schmitz,2023,C,Minnesota,False,,,John Michael Schmitz
55924,O'Cyrus Torrence,2023,G,Florida,False,,,O'Cyrus Torrence
55927,Juice Scruggs,2023,G,Penn State,False,,,Juice Scruggs
55928,Marvin Mims,2023,WR,Oklahoma,False,,,Marvin Mims
55929,Zacch Pickens,2023,DT,South Carolina,False,,,Zacch Pickens
55930,Tyler Steen,2023,G,Alabama,True,track and field,"s High School football team. Steen was also a member of the track and field team.   == College career ==   === Vanderbilt === Steen enrolled at Vanderbilt University in 2018,",Tyler Steen
55931,Sydney Brown,2023,SS,Illinois,False,,,Sydney Brown (American football)
55934,Tank Dell,2023,WR,Houston,False,,,Tank Dell
55938,Jalin Hyatt,2023,WR,Tennessee,True,sprinter,"fessional cyclist, and Enevelyn Hyatt, who was a collegiate sprinter. Both of his parents later worked as school teachers. His younger brother Devin plays football for",Jalin Hyatt
55939,Cedric Tillman,2023,WR,Tennessee,False,,,"Cedric Tillman (American football, born 2000)"
55942,Byron Young,2023,OLB,Tennessee,False,,,Byron Young (linebacker)
55943,Tucker Kraft,2023,TE,South Dakota State,False,,,Tucker Kraft
55947,YaYa Diaby,2023,OLB,Louisville,False,,,YaYa Diaby
55948,Riley Moss,2023,CB,Iowa,False,,,Riley Moss
55958,Darnell Washington,2023,TE,Georgia,False,,,Darnell Washington
55959,Michael Wilson,2023,WR,Stanford,False,,,Michael Wilson (wide receiver)
55960,Jordan Battle,2023,SS,Alabama,False,,,Jordan Battle
55962,Ricky Stromberg,2023,C,Arkansas,False,,,Ricky Stromberg
55963,Siaki Ika,2023,DT,Baylor,False,,,Siaki Ika
55965,Tre Tucker,2023,WR,Cincinnati,True,"track and field, long jump, 100-meter","receiving yards, and 68 total touchdowns. Tucker was also a track and field star for CVCA, winning six Ohio High School Athletic Association state championships, including bac",Tre Tucker
55968,Nick Saldiveri,2023,G,Old Dominion,True,"shot put, discus","Parkwood, Saldiveri also played basketball and performed in discus and shot put. Despite being named all-conference, he was ranked a two-star prospect and did not rec",Nick Saldiveri
55970,Kelee Ringo,2023,CB,Georgia,False,,,Kelee Ringo
55971,Blake Freeland,2023,T,Brigham Young,False,,,Blake Freeland
55973,Anthony Bradford,2023,G,Louisiana State,False,,,2019 LSU Tigers football team
55974,Dylan Horton,2023,DE,Texas Christian,False,,,2026 Houston Texans season
55975,Adetomiwa Adebawore,2023,DT,Northwestern,False,,,Adetomiwa Adebawore
55976,Dawand Jones,2023,T,Ohio State,False,,,Dawand Jones
55978,Clark Phillips,2023,CB,Utah,False,,,Clark Phillips III
55982,Sidy Sow,2023,G,Eastern Michigan,False,,,Sidy Sow
55983,Braeden Daniels,2023,G,Utah,True,"shot put, discus","ebron High School, where he played football, javelin throw, discus throw, and shot put, earning all-district honors for the latter. Rated a three-star recruit, Daniel",Braeden Daniels
55984,Chamarri Conner,2023,SS,Virginia Tech,False,,,Chamarri Conner
55987,Jon Gaines,2023,C,UCLA,True,track and field,"te University High School, and participated in football and track and field. Playing tackle in football, he team captain, a Wisconsin Football Coaches Association All-State ho",Jon Gaines II
55988,Cameron Young,2023,NT,Mississippi State,False,,,Cameron Young (American football)
55989,Tavius Robinson,2023,OLB,Mississippi,False,,,2020 Ole Miss Rebels football team
55990,Derius Davis,2023,WR,Texas Christian,True,200-meter,"as a senior in 2017 and also starred in track, winning the 200-meter dash at the state meet. Rated as a 3-star prospect, Davis chose to play his college football at Tex",Derius Davis
55991,Isaiah McGuire,2023,DE,Missouri,False,,,Isaiah McGuire
55995,Tyler Lacy,2023,DE,Oklahoma State,False,,,Tyler Lacy
55998,Tyler Scott,2023,WR,Cincinnati,True,"track team, sprinter","h School, where he played basketball and football and was a sprinter on the track team. He played running back for Norton and rushed 243 times for 1,512 yards and score",Tyler Scott (American football)
55999,Jay Ward,2023,SS,Louisiana State,False,,,List of Louisiana state high school football champions
56001,Yasir Abdullah,2023,OLB,Louisville,False,,,Yasir Abdullah
56003,Darius Rush,2023,CB,South Carolina,False,,,Darius Rush
56007,Cameron Mitchell,2023,CB,Northwestern,False,,,Cameron Mitchell (American football)
56010,Jammie Robinson,2023,SS,Florida State,False,,,Jammie Robinson
56012,Josh Whyle,2023,TE,Cincinnati,False,,,Josh Whyle
56015,Justin Shorter,2023,WR,Florida,False,,,Justin Shorter
56020,Darrell Luter,2023,CB,South Alabama,False,,,Darrell Luter Jr.
56021,Jordan McFadden,2023,G,Clemson,False,,,Jordan McFadden
56023,Daniel Scott,2023,SS,California,False,,,Daniel Scott (American football)
56025,Antonio Johnson,2023,SS,Texas A&M,False,,,Jerrod Johnson
56026,Nick Hampton,2023,OLB,Appalachian State,False,,,Nick Hampton (American football)
56027,Will Mallory,2023,TE,Miami,False,,,Will Mallory
56034,Asim Richards,2023,T,North Carolina,False,,,Asim Richards
56035,Christopher Smith,2023,FS,Georgia,False,,,Chris Smith II
56036,Payne Durham,2023,TE,Purdue,False,,,Payne Durham
56038,Robert Beal,2023,DE,Georgia,False,,,Robert Beal Jr.
56040,Davis Allen,2023,TE,Clemson,False,,,Davis Allen (American football)
56042,Puka Nacua,2023,WR,Brigham Young,False,,,Puka Nacua
56045,Kei'Trel Clark,2023,CB,Louisville,False,,,Kei'Trel Clark
56052,Kayshon Boutte,2023,WR,Louisiana State,False,,,Kayshon Boutte
56055,Luke Wypler,2023,C,Ohio State,False,,,Luke Wypler
56056,Trey Palmer,2023,WR,Nebraska,False,,,Trey Palmer
56059,Keondre Coburn,2023,NT,Texas,False,,,Keondre Coburn
56060,A.T. Perry,2023,WR,Wake Forest,False,,,A. T. Perry
56061,Jose Ramirez,2023,OLB,Eastern Michigan,False,,,Jose Ramirez (gridiron football)
56062,Elijah Higgins,2023,TE,Stanford,False,,,Elijah Higgins
56066,Jarrett Patterson,2023,C,Notre Dame,False,,,Jarrett Patterson
56070,Xavier Hutchinson,2023,WR,Iowa State,False,,,Xavier Hutchinson
56071,Andrei Iosivas,2023,WR,Princeton,True,track and field,"down catches. Iosivas was also a heptathlete on Princeton's track and field team. He set the school record with 5,715 points in 2022 and was named an All-American.   == Profes",Andrei Iosivas
56075,Demario Douglas,2023,WR,Liberty,False,,,DeMario Douglas
56078,Dante Stills,2023,DE,West Virginia,False,,,Dante Stills
56084,Antoine Green,2023,WR,North Carolina,False,,,Antoine Green
56085,Zack Kuntz,2023,TE,Old Dominion,True,"hurdles, track & field","l, where he was a member of their basketball, football, and track & field teams. He had 49 receptions for 793 yards and 11 touchdowns during his sophomore season. As a senio",Zack Kuntz
56086,Jaylon Jones,2023,CB,Texas A&M,False,,,"Jaylon Jones (American football, born 2002)"
56089,DeMarcco Hellams,2023,SS,Alabama,False,,,DeMarcco Hellams
56090,Jovaughn Gwyn,2023,C,South Carolina,False,,,Jovaughn Gwyn
56095,Nick Broeker,2023,G,Mississippi,False,,,Nick Broeker
56096,Nesta Jade Silvera,2023,DT,Arizona State,False,,,Nesta Jade Silvera
56099,Jason Taylor,2023,FS,Oklahoma State,False,,,2026 Oklahoma State Cowboys football team
56103,Ryan Hayes,2023,T,Michigan,False,,,Ryan Hayes (American football)
56107,Anthony Johnson,2023,FS,Iowa State,False,,,Anthony Johnson Jr.
56109,Jalen Brooks,2023,WR,South Carolina,False,,,Jalen Brooks
56112,Brayden Willis,2023,TE,Oklahoma,False,,,Brayden Willis
56113,Brandon Hill,2023,SS,Pittsburgh,False,,,Brandon Hill (American football)
56117,Alex Austin,2023,CB,Oregon State,False,,,Alex Austin
56118,Ronnie Bell,2023,WR,Michigan,False,,,Ronnie Bell (American football)
56119,Gervarrius Owens,2023,FS,Houston,False,,,Gervarrius Owens
56121,Grant DuBose,2023,WR,North Carolina-Charlotte,True,sprinter,"sfer to the CityLynx Gold Line, CATS buses, and the airport sprinter.   ==== CATS Buses ==== CATS also offers bus services at UNC Charlotte. As of March 2025, CATS offe",University of North Carolina at Charlotte
56250,Trey Dean,2023,SS,Florida,False,,,Trey Dean
56361,Jaray Jenkins,2023,WR,Louisiana State,False,,,Jaray Jenkins
56232,Bryce Ford-Wheaton,2023,WR,West Virginia,False,,,Bryce Ford-Wheaton
56248,Jason Brownlee,2023,WR,Southern Mississippi,False,,,Jason Brownlee
56450,T.J. Bass,2023,G,Oregon,True,"shot put, discus",following his time at Mount Baker. He also competed in the shot put and discus throw.   == College career == Bass grayshirted at the University of Idaho before joining,T. J. Bass (American football)
56344,Connor Galvin,2023,T,Baylor,False,,,Connor Galvin
56461,Tyrus Wheat,2023,DE,Mississippi State,False,,,Tyrus Wheat
56238,Jadon Haselwood,2023,WR,Arkansas,False,,,Jadon Haselwood
56347,Brandon Joseph,2023,SS,Notre Dame,False,,,2018 Notre Dame Fighting Irish football team
56456,Isaiah Land,2023,DE,Florida A&M,False,,,Isaiah Land
56563,Jacob Copeland,2023,WR,Maryland,False,,,Jacob Copeland
56510,Thomas Incoom,2023,OLB,Central Michigan,False,,,Thomas Incoom
56518,Alan Ali,2023,C,Texas Christian,False,,,Landman (TV series)
56625,Mark Evans,2023,T,Arkansas-Pine Bluff,False,,,Mark Evans II
56474,Arquon Bush,2023,CB,Cincinnati,False,,,2023 Cincinnati Bearcats football team
56629,Anthony Johnson,2023,CB,Virginia,False,,,Anthony Johnson (cornerback)
56648,Ikenna Enechukwu,2023,OLB,Rice,False,,,2026 UFL draft
56451,Earl Bostick,2023,T,Kansas,False,,,2022 Kansas Jayhawks football team
56363,Leonard Taylor,2023,TE,Cincinnati,False,,,2023 Cincinnati Bearcats football team
56567,Tyreque Jones,2023,FS,Boise State,False,,,2022 Boise State Broncos football team
56198,Dontay Demus,2023,WR,Maryland,False,,,Dontay Demus Jr.
56239,Joseph Ngata,2023,WR,Clemson,False,,,Joseph Ngata
56581,Jerrod Clark,2023,DT,Coastal Carolina,False,,,Jerrod Clark
56228,Habakkuk Baldonado,2023,DE,Pittsburgh,False,,,Habakkuk Baldonado
56559,Mitch Tinsley,2023,WR,Penn State,False,,,Mitchell Tinsley
56220,Malik Heath,2023,WR,Mississippi,False,,,Malik Heath
56497,Jalen Redmond,2023,DE,Oklahoma,False,,,Jalen Redmond
56471,Jake Bobo,2023,WR,UCLA,False,,,Jake Bobo
56203,Tashawn Manning,2023,G,Kentucky,False,,,Tashawn Manning
56543,Kaevon Merriweather,2023,SS,Iowa,False,,,Kaevon Merriweather
56218,Brenton Cox,2023,DE,Florida,False,,,Brenton Cox Jr.
56207,Travis Vokolek,2023,TE,Nebraska,False,,,Travis Vokolek
56645,Dalton Wagner,2023,T,Arkansas,False,,,Dalton Wagner
56408,Lonnie Phelps,2023,DE,Kansas,False,,,Lonnie Phelps
56365,D.J. Dale,2023,DT,Alabama,False,,,D. J. Dale
56571,Caleb Murphy,2023,OLB,Ferris State,True,track and field,"ember of the football, basketball, wrestling, baseball, and track and field teams. He was named first team All-State as a junior after recording 86 tackles with 17 tackles for",Caleb Murphy
56541,Rakim Jarrett,2023,WR,Maryland,False,,,Rakim Jarrett
56514,P.J. Mustipher,2023,NT,Penn State,False,,,P. J. Mustipher
56183,Emil Ekiyor,2023,G,Alabama,False,,,Emil Ekiyor Jr.
56572,John Ojukwu,2023,T,Boise State,False,,,Boise State Broncos football
56636,McClendon Curtis,2023,G,Chattanooga,False,,,McClendon Curtis
56662,Rashad Torrence,2023,FS,Florida,False,,,2022 Florida Gators football team
56371,Jalen Wayne,2023,WR,South Alabama,False,,,Jalen Hurts
56400,Blake Whiteheart,2023,TE,Wake Forest,False,,,Blake Whiteheart
57126,Joe Alt,2024,T,Notre Dame,False,,,Joe Alt
57128,J.C. Latham,2024,T,Alabama,False,,,JC Latham
57130,Rome Odunze,2024,WR,Washington,False,,,Rome Odunze
57135,Taliese Fuaga,2024,T,Oregon State,False,,,Taliese Fuaga
57136,Laiatu Latu,2024,DE,UCLA,False,,,Laiatu Latu
57137,Byron Murphy,2024,DT,Texas,False,,,Byron Murphy II
57140,Jared Verse,2024,OLB,Florida State,True,4x400,tball and was a member of Central Columbia's state champion 4x400-meter relay team.   == College career == Verse redshirted his freshman season at Albany. He made 22,Jared Verse
57141,Troy Fautanu,2024,T,Washington,False,,,Troy Fautanu
57142,Chop Robinson,2024,OLB,Penn State,False,,,Chop Robinson
57143,Quinyon Mitchell,2024,CB,Toledo,False,,,Quinyon Mitchell
57144,Brian Thomas,2024,WR,Louisiana State,False,,,Brian Thomas Jr.
57145,Terrion Arnold,2024,CB,Alabama,False,,,Terrion Arnold
57148,Darius Robinson,2024,DT,Missouri,False,,,Darius Robinson
57150,Tyler Guyton,2024,T,Oklahoma,False,,,Tyler Guyton
57152,Ricky Pearsall,2024,WR,Florida,False,,,Ricky Pearsall
57153,Xavier Legette,2024,WR,South Carolina,False,,,Xavier Legette
57154,Keon Coleman,2024,WR,Florida State,False,,,Keon Coleman
57155,Ladd McConkey,2024,WR,Georgia,False,,,Ladd McConkey
57156,Ruke Orhorhoro,2024,DT,Clemson,False,,,Ruke Orhorhoro
57158,Ja'Lynn Polk,2024,WR,Washington,False,,,Ja'Lynn Polk
57159,T'Vondre Sweat,2024,NT,Texas,False,,,T'Vondre Sweat
57160,Braden Fiske,2024,DE,Florida State,False,,,Braden Fiske
57163,Kamari Lassiter,2024,CB,Georgia,False,,,Kamari Lassiter
57164,Max Melton,2024,CB,Rutgers,False,,,Max Melton
57165,Jackson Powers-Johnson,2024,G,Oregon,False,,,Jackson Powers-Johnson
57168,Tyler Nubin,2024,SS,Minnesota,False,,,Tyler Nubin
57169,Maason Smith,2024,DT,Louisiana State,False,,,Maason Smith
57171,Mike Sainristil,2024,CB,Michigan,False,,,Mike Sainristil
57172,Zach Frazier,2024,C,West Virginia,False,,,Zach Frazier
57173,Adonai Mitchell,2024,WR,Texas,False,,,Adonai Mitchell
57174,Ben Sinnott,2024,TE,Kansas State,False,,,Ben Sinnott
57176,Patrick Paul,2024,T,Houston,False,,,Patrick Paul
57177,Marshawn Kneeland,2024,DE,Western Michigan,False,,,Marshawn Kneeland
57179,Javon Bullard,2024,SS,Georgia,False,,,Javon Bullard
57180,Blake Fisher,2024,T,Notre Dame,False,,,Blake Fisher
57181,Cole Bishop,2024,SS,Utah,False,,,Cole Bishop
57183,Roger Rosengarten,2024,T,Washington,False,,,Roger Rosengarten
57184,Kingsley Suamataia,2024,G,Brigham Young,False,,,Kingsley Suamataia
57185,Renardo Green,2024,CB,Florida State,False,,,Renardo Green
57189,Caedan Wallace,2024,G,Penn State,False,,,Caedan Wallace
57191,Andru Phillips,2024,CB,Kentucky,False,,,Dru Phillips
57194,Cooper Beebe,2024,C,Kansas State,False,,,Cooper Beebe
57195,Bralen Trice,2024,OLB,Washington,False,,,Bralen Trice
57198,Delmar Glaze,2024,T,Maryland,False,,,DJ Glaze
57199,Calen Bullock,2024,FS,Southern California,False,,,2024 USC Trojans football team
57201,Jermaine Burton,2024,WR,Alabama,False,,,Jermaine Burton
57202,Christian Haynes,2024,G,Connecticut,False,,,Christian Haynes
57203,Tip Reiman,2024,TE,Illinois,True,track and field,an win the state championship game. He also participated in track and field. Reiman received athletic scholarship offers from the South Dakota Coyotes and South Dakota State J,Tip Reiman
57205,Roman Wilson,2024,WR,Michigan,False,,,Roman Wilson
57207,Dominick Puni,2024,G,Kansas,False,,,Dominick Puni
57210,Tykee Smith,2024,SS,Georgia,False,,,Tykee Smith
57211,Elijah Jones,2024,CB,Boston College,True,track and field,"les and three interceptions on defense. He also competed in track and field, setting school records in the 100 metres and 200 metres. Jones was ranked a three-star recruit. He",Elijah Jones (American football)
57213,Jalen McMillan,2024,WR,Washington,False,,,Jalen McMillan
57215,Jalyx Hunt,2024,OLB,Houston Christian,True,"long jump, high jump, track & field, triple jump","championships at the Junior Olympic Games in triathlon and long jump. He attended Dutch Fork High School in South Carolina for one year, playing varsity football despit",Jalyx Hunt
57216,DeWayne Carter,2024,DT,Duke,False,,,DeWayne Carter
57217,Jarrian Jones,2024,CB,Florida State,False,,,Jarrian Jones
57218,McKinnley Jackson,2024,DT,Texas A&M,False,,,McKinnley Jackson
57220,Kamren Kinchens,2024,FS,Miami,False,,,Kamren Kinchens
57221,Luke McCaffrey,2024,WR,Rice,True,100 meter,"maternal grandfather, Dave Sime, won a silver medal in the 100 meter at the 1960 Olympic Games.   == References ==   == External links ==  Luke McCaffrey on X Washingto",Luke McCaffrey
57222,Ja'Tavion Sanders,2024,TE,Texas,False,,,Ja'Tavion Sanders
57223,Troy Franklin,2024,WR,Oregon,False,,,Troy Franklin
57224,Layden Robinson,2024,G,Texas A&M,False,,,Layden Robinson
57225,Dadrion Taylor-Demerson,2024,FS,Texas Tech,False,,,Dadrion Taylor-Demerson
57226,Justin Eboigbe,2024,DE,Alabama,False,,,Justin Eboigbe
57228,Theo Johnson,2024,TE,Penn State,False,,,Theo Johnson
57230,Brandon Dorlus,2024,DT,Oregon,False,,,Brandon Dorlus
57231,Javon Baker,2024,WR,Central Florida,False,,,Javon Baker
57232,Evan Williams,2024,FS,Oregon,False,,,Evan Williams (safety)
57234,Devontez Walker,2024,WR,North Carolina,False,,,Devontez Walker
57238,Tanor Bortolini,2024,C,Wisconsin,False,,,Tanor Bortolini
57240,Mason McCormick,2024,G,South Dakota State,True,track and field,"osevelt High School where he played football and was on the track and field team, being first-team all-state as a senior. He was a top athlete in both sports and helped the fo",Mason McCormick
57242,A.J. Barner,2024,TE,Michigan,False,,,AJ Barner
57244,Cade Stover,2024,TE,Ohio State,False,,,Cade Stover
57252,Jared Wiley,2024,TE,Texas Christian,False,,,Jared Wiley
57253,Sione Vaki,2024,RB,Utah,False,,,Sione Vaki
57254,Jaden Hicks,2024,SS,Washington State,False,,,Jaden Hicks
57256,Jacob Cowing,2024,WR,Arizona,False,,,Jacob Cowing
57257,Nehemiah Pritchett,2024,CB,Auburn,False,,,Nehemiah Pritchett
57261,Cam Hart,2024,CB,Notre Dame,False,,,Cam Hart
57262,Sedrick Van Pran-Granger,2024,C,Georgia,False,,,Sedrick Van Pran-Granger
57263,Anthony Gould,2024,WR,Oregon State,False,,,Anthony Gould (American football)
57265,Austin Booker,2024,DE,Kansas,False,,,Austin Booker
57266,Kris Abrams-Draine,2024,CB,Missouri,False,,,Kris Abrams-Draine
57267,Jarvis Brownlee,2024,CB,Louisville,False,,,Jarvis Brownlee Jr.
57270,Josh Newton,2024,CB,Texas Christian,False,,,Christian Ponder
57272,Jaylon Carlies,2024,MLB,Missouri,True,"track and field, sprinter",d West Orange High School where he lettered in football and track and field. He was regarded as an elite sprinter at the high school level and began his football journey as a,Jaylon Carlies
57274,Deantre Prince,2024,CB,Mississippi,False,,,Deantre Prince
57277,Jamari Thrash,2024,WR,Louisville,False,,,Jamari Thrash
57278,Chau Smith-Wade,2024,CB,Washington State,False,,,Chau Smith-Wade
57279,Mohamed Kamara,2024,OLB,Colorado State,False,,,Mohamed Kamara (American football)
57282,Dominique Hampton,2024,SS,Washington,False,,,Dominique Hampton
57283,Christian Jones,2024,T,Texas,False,,,Christian Jones (offensive lineman)
57284,Jacob Monk,2024,C,Duke,False,,,Jacob Monk
57285,Jaylin Simpson,2024,FS,Auburn,False,,,Jaylin Simpson
57289,Javon Solomon,2024,DE,Troy,False,,,Javon Solomon
57291,Bub Means,2024,WR,Pittsburgh,False,,,Bub Means
57293,Trevor Keegan,2024,G,Michigan,False,,,Trevor Keegan
57297,Walter Rouse,2024,T,Oklahoma,False,,,Walter Rouse
57298,Logan Lee,2024,DT,Iowa,False,,,Logan Lee
57299,Sataoa Laumea,2024,T,Utah,True,track and field,"nhower High School where he played football and competed in track and field. He played as a two-way lineman for Eisenhower and was named first-team All-Citrus Belt League, fir",Sataoa Laumea
57300,Marcellas Dial,2024,CB,South Carolina,False,,,Marcellas Dial
57302,Jha'Quan Jackson,2024,WR,Tulane,False,,,Jha'Quan Jackson
57304,Malik Washington,2024,WR,Virginia,False,,,Malik Washington
57305,Johnny Wilson,2024,WR,Florida State,False,,,Johnny Wilson (wide receiver)
57309,Mekhi Wingo,2024,DT,Louisiana State,False,,,Mekhi Wingo
57310,Dylan McMahon,2024,C,North Carolina State,True,"shot put, discus","finishing second in the state of Georgia as a junior in the shot put and discus. In football, he played both offensive and defensive line in high school. Coming out of",Dylan McMahon
57312,D.J. James,2024,CB,Auburn,False,,,Auburn Tigers football
57314,Tanner McLachlan,2024,TE,Arizona,False,,,Tanner McLachlan
57315,Ryan Watts,2024,SS,Texas,False,,,Ryan Watts (American football)
57317,Zion Logue,2024,DT,Georgia,False,,,Zion Logue
57318,Patrick McMorris,2024,SS,California,True,track and field,"our seasons from 2015 to 2018, a member of the Golden Bears track and field squad during the 2016-2019 campaigns. He also has a brother named Hakim who was a member of the Cal",Patrick McMorris
57330,Christian Mahogany,2024,G,Boston College,False,,,Christian Mahogany
57331,Kamal Hadden,2024,CB,Tennessee,False,,,Kamal Hadden
57334,Cedric Johnson,2024,DE,Mississippi,False,,,Cedric Johnson
57335,Jarrett Kingston,2024,T,Southern California,True,discus,e was a standout two-way lineman in football and also won a discus throw championship. He was called up from the junior varsity football team at age 15 and then helpe,Jarrett Kingston
57336,Ryan Flournoy,2024,WR,Southeast Missouri,False,,,Ryan Flournoy
57337,Beaux Limmer,2024,C,Arkansas,False,,,Beaux Limmer
57339,Daequan Hardy,2024,CB,Penn State,False,,,Daequan Hardy
57342,Javontae Jean-Baptiste,2024,OLB,Notre Dame,False,,,Javontae Jean-Baptiste
57344,Daijahn Anthony,2024,FS,Mississippi,False,,,Ole Miss Rebels football
57345,Brenden Rice,2024,WR,Southern California,True,"track and field, high jump","also played basketball as a forward and participated on the track and field team, competing in the high jump. Rice received over 40 contacts from NCAA Division I-A schools; hi",Jerry Rice
57347,Myles Harden,2024,CB,South Dakota,True,track and field,"ar High School in Florida where he played both football and track and field, being a three-year varsity letter-winner on the football team after being called up from the junio",Myles Harden
57349,M.J. Devonshire,2024,CB,Pittsburgh,False,,,MJ Devonshire
57351,Jaheim Bell,2024,TE,Florida State,False,,,Jaheim Bell
57353,Nathan Thomas,2024,T,Louisiana-Lafayette,False,,,Nate Thomas
57355,Devaughn Vele,2024,WR,Utah,False,,,Devaughn Vele
57356,Myles Cole,2024,DE,Texas Tech,False,,,Myles Cole
57357,Matt Lee,2024,C,Miami,False,,,Matt Lee (American football)
57358,Solomon Byrd,2024,DE,Southern California,False,,,Malcolm Moore (American football)
57361,Tahj Washington,2024,WR,Southern California,False,,,Luke Huard
57362,James Williams,2024,ILB,Miami,False,,,"James Williams (linebacker, born 2003)"
57364,Justin Rogers,2024,DT,Auburn,False,,,Justin Rogers (defensive tackle)
57366,Devin Culp,2024,TE,Washington,False,,,Devin Culp
57367,Marcus Harris,2024,DT,Auburn,False,,,Marcus Harris (defensive tackle)
57368,C.J. Hanson,2024,G,Holy Cross,False,,,C. J. Hanson
57372,Jaylen Harrell,2024,OLB,Michigan,False,,,Jaylen Harrell
57373,Cornelius Johnson,2024,WR,Michigan,False,,,Cornelius Johnson (wide receiver)
57374,K.T. Leveston,2024,T,Kansas State,False,,,KT Leveston
57375,Kalen King,2024,CB,Penn State,False,,,Kalen King
57376,Nick Gargiulo,2024,G,South Carolina,False,,,Nick Gargiulo
57377,Jaylen Key,2024,FS,Alabama,False,,,Jaylen Key
57434,Leonard Taylor,2024,DT,Miami,False,,,Leonard Taylor III
57598,Isaiah Johnson,2024,CB,Syracuse,False,,,"Isaiah Johnson (cornerback, born 2000)"
57444,Garret Greenfield,2024,T,South Dakota State,False,,,Garret Greenfield
57654,Andrew Coker,2024,T,Texas Christian,True,track and field,"gan Wolverines Julian Horton, American Actor Jasmine Jones, track and field athlete Caleb King, former NFL running back Andrew Knowlton, journalist Danielle Marcano (born 1997",Greater Atlanta Christian School
57741,Dallin Holker,2024,TE,Colorado State,False,,,Dallin Holker
57428,Brady Latham,2024,G,Arkansas,False,,,2023 Arkansas Razorbacks football team
57743,Trajan Jeffcoat,2024,DE,Arkansas,False,,,Trajan Jeffcoat
57473,Fabien Lovett,2024,DT,Florida State,False,,,Fabien Lovett
57678,Josh Proctor,2024,DB,Ohio State,False,,,Josh Proctor
57599,Matthew Jones,2024,G,Ohio State,False,,,Cardale Jones
57389,Ryan Cooper,2024,CB,Oregon State,False,,,Ryan Day
57738,Millard Bradford,2024,FS,Texas Christian,False,,,Christian Ponder
57581,Keaton Bills,2024,G,Utah,False,,,Keaton Bills
57628,Javion Cohen,2024,G,Miami,False,,,Javion Cohen
57687,Frank Crum,2024,T,Wyoming,False,,,Frank Crum
57911,Josh Wallace,2024,CB,Michigan,False,,,Josh Wallace
57409,Gabe Hall,2024,DT,Baylor,False,,,Gabe Hall
57874,Trey Knox,2024,TE,South Carolina,False,,,Trey Knox
57721,Demani Richardson,2024,FS,Texas A&M,False,,,Demani Richardson
57637,Myles Murphy,2024,DT,North Carolina,False,,,2023 North Carolina Tar Heels football team
57441,Nelson Ceaser,2024,DE,Houston,False,,,Nelson Ceaser
57408,Anim Dankwah,2024,T,Howard,False,,,Anim Dankwah
57565,Isaiah Williams,2024,WR,Illinois,False,,,"Isaiah Williams (wide receiver, born 2001)"
57411,Andre' Sam,2024,FS,Louisiana State,True,"track and field, long jump","-state wide receiver and kick returner, and participated in track and field, being a district long jump champion and district champion in two relay events. However, at the sta",Andre' Sam
57649,Brevyn Spann-Ford,2024,TE,Minnesota,False,,,Brevyn Spann-Ford
57406,Gottlieb Ayedze,2024,T,Maryland,True,track & field,"in Germantown, Maryland, where he lettered in football and track & field. He would commit to play college football at Frostburg State University.   == College football ==",Gottlieb Ayedze
57824,Marcus Rosemy-Jacksaint,2024,WR,Georgia,False,,,Marcus Rosemy-Jacksaint
57577,Keith Randolph,2024,DT,Illinois,False,,,Keith Randolph Jr.
57863,Drake Nugent,2024,C,Michigan,False,,,Drake Nugent
57606,Jalen Coker,2024,WR,Holy Cross,False,,,Jalen Coker
57877,Dwight McGlothern,2024,CB,Arkansas,False,,,Dwight McGlothern
57478,Christian Roland-Wallace,2024,CB,Southern California,False,,,2024 USC Trojans football team
57436,Eric Watts,2024,DE,Connecticut,False,,,UConn Huskies football
57796,Karsen Barnhart,2024,T,Michigan,False,,,Karsen Barnhart
57660,Lideatrick Griffin,2024,WR,Mississippi State,False,,,Lideatrick Griffin
57854,Charles Turner,2024,C,Louisiana State,False,,,"Lake Charles, Louisiana"
58206,Will Campbell,2025,T,Louisiana State,False,,,Will Campbell (offensive lineman)
58209,Armand Membou,2025,T,Missouri,False,,,Armand Membou
58211,Kelvin Banks,2025,T,Texas,False,,,Kelvin Banks Jr.
58214,Tyler Booker,2025,G,Alabama,False,,,Tyler Booker
58220,Grey Zabel,2025,G,North Dakota State,False,,,Grey Zabel
58226,Donovan Jackson,2025,G,Ohio State,False,,,Donovan Jackson
58229,Malaki Starks,2025,FS,Georgia,False,,,Malaki Starks
58230,Tyleik Williams,2025,DT,Ohio State,False,,,Tyleik Williams
58231,Josh Conerly,2025,T,Oregon,False,,,Josh Conerly Jr.
58232,Maxwell Hairston,2025,CB,Kentucky,False,,,Maxwell Hairston
58239,Jayden Higgins,2025,WR,Iowa State,False,,,Jayden Higgins
58242,Jonah Savaiinaea,2025,G,Arizona,False,,,Jonah Savaiinaea
58244,Luther Burden,2025,WR,Missouri,False,,,Luther Burden III
58247,Mason Taylor,2025,TE,Louisiana State,False,,,Mason Taylor
58248,Alfred Collins,2025,DT,Texas,True,track & field,"Creek, Texas, where he lettered in football, basketball and track & field. In his high school career, Collins made 253 total tackles (180 solo and 73 assisted), 74.0 tackles",Alfred Collins (American football)
58249,Donovan Ezeiruaku,2025,DE,Boston College,False,,,Donovan Ezeiruaku
58251,Terrance Ferguson,2025,TE,Oregon,False,,,Terrance Ferguson (American football)
58253,Aireontae Ersery,2025,T,Minnesota,True,track and field,football coach William Perkins. Ersery also participated in track and field and wrestling. He was rated as a three-star recruit and committed to play college football for the,Aireontae Ersery
58256,Nic Scourton,2025,OLB,Texas A&M,False,,,Nic Scourton
58257,Oluwafemi Oladejo,2025,OLB,UCLA,False,,,Oluwafemi Oladejo
58259,Anthony Belton,2025,T,North Carolina State,False,,,Anthony Belton
58261,Ozzy Trapilo,2025,T,Boston College,False,,,Ozzy Trapilo
58262,Tate Ratledge,2025,G,Georgia,True,track and field,"ngton School, where he competed in football, basketball and track and field. Coming out of high school Ratledge was ranked the number 39 overall player in the 2020 class, the",Tate Ratledge
58263,Jack Bech,2025,WR,Texas Christian,False,,,Jack Bech
58266,Trey Amos,2025,CB,Mississippi,True,long jump,quarterback and cornerback and was a state champion in the long jump. Amos committed to play college football for the Ragin' Cajuns at the University of Louisiana at La,Trey Amos
58270,Darius Alexander,2025,DT,Toledo,False,,,Darius Alexander
58271,Ashton Gillotte,2025,DE,Louisville,False,,,Ashton Gillotte
58272,Harold Fannin,2025,TE,Bowling Green,False,,,Harold Fannin Jr.
58273,Darien Porter,2025,CB,Iowa State,True,400 meter,ran track in high school and broke the Iowa Class 4A state 400 meter record with a 46.99.   == College career == Porter played wide receiver his first three years at Io,Darien Porter
58274,Kyle Williams,2025,WR,Washington State,False,,,"Kyle Williams (wide receiver, born 2002)"
58275,Isaac TeSlaa,2025,WR,Arkansas,True,"track and field, long jump","the basketball team to a state championship and competed in track and field, setting the school long jump record. He was lightly recruited and only had a single NCAA Division",Isaac TeSlaa
58277,Landon Jackson,2025,DE,Arkansas,False,,,Landon Jackson
58278,Azareye'h Thomas,2025,CB,Florida State,False,,,Azareye'h Thomas
58279,Pat Bryant,2025,WR,Illinois,False,,,Pat Bryant
58282,Princely Umanmielen,2025,OLB,Mississippi,False,,,Princewill Umanmielen
58283,Jordan Burch,2025,OLB,Oregon,False,,,Jordan Burch
58284,Jaylin Noel,2025,WR,Iowa State,False,,,Jaylin Noel
58286,Dylan Fairchild,2025,G,Georgia,False,,,Dylan Fairchild
58290,Nohl Williams,2025,CB,California,False,,,Nohl Williams
58293,Caleb Ransaw,2025,FS,Tulane,False,,,Caleb Ransaw
58294,Wyatt Milum,2025,G,West Virginia,False,,,Wyatt Milum
58296,Emery Jones,2025,G,Louisiana State,False,,,Emery Jones Jr.
58298,Jonas Sanker,2025,SS,Virginia,False,,,Jonas Sanker
58300,Jared Wilson,2025,G,Georgia,False,,,Jared Wilson (American football)
58302,Jaylin Smith,2025,CB,Southern California,False,,,2025 USC Trojans football team
58303,Caleb Rogers,2025,G,Texas Tech,False,,,Caleb Rogers
58305,Upton Stout,2025,CB,Western Kentucky,False,,,Upton Stout
58307,Tai Felton,2025,WR,Maryland,False,,,Tai Felton
58308,Chimere Dike,2025,WR,Florida,False,,,Chimere Dike
58311,Craig Woodson,2025,SS,California,False,,,Craig Woodson
58313,Dont'e Thornton,2025,WR,Tennessee,False,,,Dont'e Thornton
58314,Deone Walker,2025,DT,Kentucky,False,,,Deone Walker
58315,Arian Smith,2025,WR,Georgia,True,"track and field, long jump, 100-meter","h School in Mulberry, Florida, where he played football and track and field. In 2018, Smith set the farthest long jump in the country, jumping 25–03.25. While playing for Mulb",Arian Smith
58316,Ty Robinson,2025,DT,Nebraska,False,,,Ty Robinson
58318,C.J. West,2025,DT,Indiana,False,,,CJ West
58323,Billy Bowman,2025,CB,Oklahoma,False,,,Billy Bowman Jr.
58325,Gunnar Helm,2025,TE,Texas,False,,,Gunnar Helm
58326,David Walker,2025,OLB,Central Arkansas,False,,,David Walker (linebacker)
58327,Lathan Ransom,2025,SS,Ohio State,False,,,Lathan Ransom
58328,Jack Sawyer,2025,OLB,Ohio State,False,,,Jack Sawyer
58329,Barryn Sorrell,2025,DE,Texas,False,,,Barryn Sorrell
58330,Kyle Kennard,2025,OLB,South Carolina,False,,,Kyle Kennard
58332,Jalen Travis,2025,T,Iowa State,False,,,Jalen Travis
58333,Jaylin Lane,2025,WR,Virginia Tech,False,,,Jaylin Lane
58336,Quincy Riley,2025,CB,Louisville,False,,,Quincy Riley
58338,Jalen Royals,2025,WR,Utah State,True,track & field,"ngs, Georgia, where he lettered in football, basketball and track & field. As a senior, Royals had 26 receptions for 455 yards and four touchdowns. He committed to play coll",Jalen Royals
58340,Tonka Hemingway,2025,DT,South Carolina,False,,,Tonka Hemingway
58341,Elic Ayomanor,2025,WR,Stanford,False,,,Elic Ayomanor
58342,Joshua Farmer,2025,DT,Florida State,False,,,Joshua Farmer
58343,Jordan Watkins,2025,WR,Mississippi,True,"track and field, sprinter","Jordan Anthony (born June 29, 2004) is an American sprinter. He is the reigning World and American champion over 60 metres, having won the titles at the 2026 W",Jordan Anthony
58344,Tyrion Ingram-Dawkins,2025,DE,Georgia,False,,,Tyrion Ingram-Dawkins
58345,Cam Jackson,2025,DT,Florida,False,,,Cam Ward (American football)
58346,Carson Vinson,2025,T,Alabama A&M,False,,,Carson Vinson
58348,Jordan Phillips,2025,DT,Maryland,False,,,"Jordan Phillips (American football, born 2004)"
58350,Mac McWilliams,2025,CB,Central Florida,False,,,UCF Knights football
58351,Bradyn Swinson,2025,OLB,Louisiana State,False,,,2024 LSU Tigers football team
58353,Ty Hamilton,2025,NT,Ohio State,False,,,Ty Hamilton
58358,Jalen Rivers,2025,G,Miami,False,,,Jalen Rivers
58359,Marcus Mbow,2025,T,Purdue,False,,,Marcus Mbow
58360,Dante Trader,2025,FS,Maryland,False,,,Dante Trader Jr.
58362,Elijah Roberts,2025,DE,Southern Methodist,False,,,2021 SMU Mustangs football team
58363,KeAndre Lambert-Smith,2025,WR,Auburn,False,,,KeAndre Lambert-Smith
58365,Marques Sigle,2025,SS,Kansas State,False,,,Marques Sigle
58368,Mitchell Evans,2025,TE,Notre Dame,False,,,Mitchell Evans (American football)
58369,Yahya Black,2025,DT,Iowa,False,,,Yahya Black
58370,Oronde Gadsden,2025,TE,Syracuse,True,hurdles,layer and also ran track. His personal best time in the 110 Hurdles was 15.13 and in the 300 Hurdles 38.44.   == College career == Gadsden committed to Syracuse Univer,Oronde Gadsden II
58373,Drew Kendall,2025,C,Boston College,False,,,Drew Kendall
58374,Zah Frazier,2025,CB,Texas-San Antonio,True,track and field,"n High School where he competed in football, basketball and track and field. He was an all-region selection as a junior, then an honorable mention all-area and first-team all-",Zah Frazier
58375,Jordan Hancock,2025,FS,Ohio State,False,,,Jordan Hancock
58376,Miles Frazier,2025,G,Louisiana State,False,,,"Ruston, Louisiana"
58378,Jackson Hawes,2025,TE,Georgia Tech,False,,,Jackson Hawes
58379,Denzel Burke,2025,CB,Ohio State,False,,,Denzel Burke
58380,Robbie Ouzts,2025,FB,Alabama,False,,,Robbie Ouzts
58381,Tyler Baron,2025,DE,Miami,False,,,Tyler Baron
58382,Dorian Strong,2025,CB,Virginia Tech,False,,,Dorian Strong
58383,Bilhal Kone,2025,CB,Western Michigan,False,,,Bilhal Kone
58392,Jaylen Reed,2025,SS,Penn State,False,,,Jaylen Reed
58395,Tim Smith,2025,DT,Alabama,False,,,Tim Smith (defensive tackle)
58396,Myles Hinton,2025,T,Michigan,False,,,Myles Hinton
58401,Ahmed Hassanein,2025,DE,Boise State,False,,,Ahmed Hassanein (American football)
58403,Warren Brinson,2025,DT,Georgia,False,,,Warren Brinson
58405,Rayuan Lane,2025,SS,Navy,False,,,Rayuan Lane III
58407,Gavin Bartholomew,2025,TE,Pittsburgh,True,track and field,"ain High School where he competed in football, baseball and track and field. He started at quarterback at Blue Mountain, before moving to defensive end and tight end as a soph",Gavin Bartholomew
58408,LaJohntay Wester,2025,WR,Colorado,False,,,LaJohntay Wester
58413,Jimmy Horn,2025,WR,Colorado,False,,,Jimmy Horn Jr.
58414,Antwaun Powell-Ryland,2025,OLB,Virginia Tech,False,,,Antwaun Powell-Ryland
58415,Aeneas Peebles,2025,DT,Virginia Tech,False,,,Aeneas Peebles
58416,Hayden Conner,2025,G,Texas,False,,,Hayden Conner
58417,Robert Longerbeam,2025,CB,Rutgers,False,,,Robert Longerbeam
58419,R.J. Mickens,2025,FS,Clemson,False,,,Clemson Tigers football
58423,Jack Nelson,2025,T,Wisconsin,False,,,Jack Nelson (offensive tackle)
58424,Thomas Fidone,2025,TE,Nebraska,False,,,Thomas Fidone
58430,Kitan Crawford,2025,FS,Nevada,False,,,Kitan Crawford
58437,Hunter Wohler,2025,SS,Wisconsin,False,,,Hunter Wohler
58440,Tez Johnson,2025,WR,Oregon,False,,,Tez Johnson
58443,Ricky White,2025,WR,Nevada-Las Vegas,False,,,UNLV Rebels football
58445,Kaden Prather,2025,WR,Maryland,False,,,Kaden Prather
58447,Konata Mumpfield,2025,WR,Pittsburgh,False,,,Konata Mumpfield
58449,Dominic Lovett,2025,WR,Georgia,False,,,Dominic Lovett
58452,Tommy Akingbesote,2025,DT,Maryland,False,,,Tommy Akingbesote
58453,Moliki Matavao,2025,TE,UCLA,False,,,Moliki Matavao
58454,Connor Colby,2025,G,Iowa,False,,,Connor Colby
58455,John Williams,2025,G,Cincinnati,False,,,"John Williams (offensive lineman, born 2002)"
58458,Zeek Biggers,2025,DT,Georgia Tech,False,,,Zeek Biggers
58459,Fadil Diggs,2025,OLB,Syracuse,False,,,Fadil Diggs
58460,Luke Lachey,2025,TE,Iowa,False,,,Luke Lachey
58845,Payton Page,2025,DT,Clemson,False,,,Payton Page
58998,Joshua Simon,2025,TE,South Carolina,False,,,Joshua Simon (American football)
58997,Nick Nash,2025,WR,San Jose State,False,,,Nick Nash
58751,Ja'Corey Brooks,2025,WR,Louisville,False,,,Ja'Corey Brooks
58486,Nazir Stackhouse,2025,DT,Georgia,False,,,Nazir Stackhouse
58958,Brandon Crenshaw-Dickson,2025,T,Florida,False,,,Brandon Crenshaw-Dickson
58514,Elijhah Badger,2025,WR,Florida,False,,,Elijhah Badger
58931,Jah Joyner,2025,DE,Minnesota,False,,,Jah Joyner
58852,Eli Cox,2025,C,Kentucky,False,,,Eli Cox
58772,Jabbar Muhammad,2025,CB,Oregon,False,,,Jabbar Muhammad
58937,Tyler Batty,2025,OLB,Brigham Young,False,,,2020 BYU Cougars football team
58497,Zy Alexander,2025,DB,Louisiana State,False,,,2024 LSU Tigers football team
58857,Junior Tafuna,2025,DT,Utah,False,,,Junior Tafuna
58880,O'Donnell Fortune,2025,DB,South Carolina,False,,,O'Donnell Fortune
58940,Logan Brown,2025,T,Kansas,False,,,Logan Brown (American football)
59278,Isaiah Bond,2025,WR,Texas,True,"200-meter, track and field, 200 meter, 100 meter, 100-meter","h his longest return of 60 yards. Bond also participated in track and field, winning the Georgia High School Association (GHSA) Class 5A and 6A state championships for three y",Isaiah Bond
58896,Xavier Truss,2025,T,Georgia,False,,,Xavier Truss
58992,Cobee Bryant,2025,CB,Kansas,False,,,Cobee Bryant
58977,Roc Taylor,2025,WR,Memphis,False,,,Roc Taylor
59026,C.J. Dippre,2025,TE,Alabama,True,discus,aryland from 17 scholarship offers. Dippre also competed in discus and placed third in the PIAA Class AA State Championship meet as a freshman and sophomore. Dippre w,CJ Dippre
58987,Torricelli Simpkins,2025,G,South Carolina,False,,,Torricelli Simpkins III
58764,Ethan Downs,2025,OLB,Oklahoma,False,,,Ethan Downs
58963,Cam Horsley,2025,DT,Boston College,False,,,Cam Horsley
58973,Sebastian Castro,2025,FS,Iowa,False,,,Sebastian Castro (American football)
58825,Elijah Simmons,2025,DT,Tennessee,True,"shot put, discus","emifinal appearances. Simmons also won state titles in both shot put and discus. Coming out of high school, he was rated as a three-star recruit and committed to play c",Elijah Simmons
58515,Jake Briningstool,2025,TE,Clemson,False,,,Jake Briningstool
58866,Jake Majors,2025,C,Texas,False,,,Jake Majors
58926,Mello Dotson,2025,DB,Kansas,False,,,Mello Dotson
58946,Joe Huber,2025,G,Wisconsin,False,,,Joe Huber
58734,Andrew Armstrong,2025,WR,Arkansas,False,,,Andrew Armstrong (American football)
58961,Jermari Harris,2025,DB,Iowa,False,,,Jermari Harris
58737,Jalin Conyers,2025,TE,Texas Tech,False,,,Jalin Conyers
58721,Kobe Hudson,2025,WR,Central Florida,False,,,Kobe Hudson
58490,Alijah Clark,2025,FS,Syracuse,False,,,Alijah Clark
58994,Joshua Gray,2025,G,Oregon State,False,,,Joshua Gray
58493,Traeshon Holden,2025,WR,Oregon,False,,,Traeshon Holden
58810,Eric Gregory,2025,DT,Arkansas,False,,,Eric Gregory (American football)
58898,Clay Webb,2025,G,Jacksonville State,False,,,Clay Webb
59004,Isaiah Neyor,2025,WR,Nebraska,False,,,Isaiah Neyor
58901,Da'Quan Felton,2025,WR,Virginia Tech,True,hurdles,or year. Felton won the state championship in the 300-meter hurdles event.   == College career == Felton played college football for the Norfolk State Spartans from 20,Da'Quan Felton
58717,Jacolby George,2025,WR,Miami,False,,,Jacolby George
58950,Bryson Nesbit,2025,TE,North Carolina,False,,,Bryson Nesbit
58883,Antwane Wells,2025,WR,Mississippi,False,,,Antwane Wells Jr.
59000,Malik Verdon,2025,ILB,Iowa State,False,,,Malik Verdon
58476,Hollin Pierce,2025,T,Rutgers,False,,,Hollin Pierce
58968,Xavier Restrepo,2025,WR,Miami,False,,,Xavier Restrepo
58494,Josh Kelly,2025,WR,Texas Tech,False,,,2026 Texas Tech Red Raiders football team
