nfl_id,display_name,draft_year,nfl_position,birth_date,college_name,college_conference,draft_round,draft_pick_within_round,draft_overall_pick,combine_position,combine_height,combine_weight,hand_size,arm_length,wing_span,ten_yd_split,forty,vertical,broad_jump,three_cone,short_shuttle,bench_reps,ngs_athleticism_score,ngs_college_production_score,ngs_final_score,has_track_background,distance_to_indy,timezones_crossed
55867,Will Anderson,2023,DE,2001-09-02,Alabama,Southeastern Conference,1.0,3.0,3.0,DL,75.5,253,9.875,33.875,81.0,1.61,4.6,,,,,,76,99.0,91.0,False,459.2515618168012,1
55870,Paris Johnson,2023,T,2001-07-31,Ohio State,Big Ten Conference,1.0,6.0,6.0,OL,78.375,313,9.5,36.125,85.125,,,,110.0,,,29.0,81,76.0,80.0,False,166.993650608601,0
55874,Darnell Wright,2023,T,2001-08-10,Tennessee,Southeastern Conference,1.0,10.0,10.0,OL,77.375,333,9.0,33.75,82.0,1.81,5.01,29.0,114.0,,,,84,70.0,78.0,True,289.8019248103057,0
55875,Peter Skoronski,2023,G,2001-07-31,Northwestern,Big Ten Conference,1.0,11.0,11.0,OL,76.0,313,10.0,32.25,79.5,1.75,5.16,34.5,115.0,7.8,,30.0,84,93.0,89.0,False,177.20440525428987,1
55877,Lukas Van Ness,2023,DE,2001-07-06,Iowa,Big Ten Conference,1.0,13.0,13.0,DL,77.0,272,11.0,34.0,81.75,1.64,4.58,31.0,118.0,7.02,4.32,17.0,77,74.0,80.0,False,311.3713474312092,1
55878,Broderick Jones,2023,T,2001-05-16,Georgia,Southeastern Conference,1.0,14.0,14.0,OL,77.375,311,10.625,34.75,82.75,1.74,4.97,30.0,108.0,,,,82,81.0,82.0,False,430.05425639996514,0
55879,Will McDonald,2023,OLB,1999-06-04,Iowa State,Big Twelve Conference,1.0,15.0,15.0,DL,75.625,239,9.5,34.875,82.25,,,36.0,132.0,,,,83,71.0,78.0,True,420.84085659563664,1
55884,Jaxon Smith-Njigba,2023,WR,2002-02-14,Ohio State,Big Ten Conference,1.0,20.0,20.0,WR,72.625,196,9.0,30.5,75.5,,,35.0,125.0,6.57,3.93,,67,82.0,83.0,False,166.993650608601,0
55885,Quentin Johnston,2023,WR,2001-09-06,Texas Christian,Big Twelve Conference,1.0,22.0,21.0,WR,74.75,208,9.625,33.625,81.625,,,40.5,134.0,,,,73,79.0,81.0,True,790.6529412366193,1
55887,Jordan Addison,2023,WR,2002-01-27,Southern California,Pacific Twelve Conference,1.0,24.0,23.0,WR,71.125,173,8.75,30.875,74.5,1.56,4.49,34.0,122.0,,,,60,87.0,79.0,False,1808.453091502642,3
55888,Deonte Banks,2023,CB,2001-03-03,Maryland,Big Ten Conference,1.0,25.0,24.0,DB,72.125,197,9.375,31.375,77.125,1.49,4.35,42.0,136.0,,,,98,71.0,86.0,False,495.1891554953855,0
55891,Anton Harrison,2023,T,2002-02-02,Oklahoma,Big Twelve Conference,1.0,28.0,27.0,OL,76.375,315,9.25,34.125,80.75,1.77,4.98,28.5,105.0,,,,76,74.0,77.0,False,693.2690876948159,1
55900,Michael Mayer,2023,TE,2001-07-06,Notre Dame,Independent,2.0,4.0,35.0,TE,76.5,249,9.5,31.625,76.25,1.66,4.7,32.5,118.0,,,,63,83.0,79.0,False,134.47451498965336,0
55901,Steve Avila,2023,G,1999-10-16,Texas Christian,Big Twelve Conference,2.0,5.0,36.0,OL,75.5,332,9.25,33.0,78.0,1.86,5.21,29.5,98.0,7.85,4.74,28.0,81,76.0,81.0,False,790.6529412366193,1
55903,Matthew Bergeron,2023,G,2000-02-26,Syracuse,Atlantic Coast Conference,2.0,7.0,38.0,OL,77.25,318,9.5,33.75,81.875,,,30.5,103.0,,,,70,66.0,73.0,False,566.5277117275062,0
55904,Jonathan Mingo,2023,WR,2001-04-20,Mississippi,Southeastern Conference,2.0,8.0,39.0,WR,73.75,220,10.375,32.125,75.75,1.54,4.46,39.5,129.0,,,22.0,83,67.0,77.0,False,416.55270343167956,1
55905,Isaiah Foskey,2023,DE,2000-10-30,Notre Dame,Independent,2.0,9.0,40.0,DL,77.125,264,9.875,34.0,81.25,1.66,4.58,34.0,125.0,7.28,4.41,22.0,75,73.0,77.0,False,134.47451498965336,0
55909,Julius Brents,2023,CB,2000-01-18,Kansas State,Big Twelve Conference,2.0,13.0,44.0,DB,74.75,198,9.625,34.0,82.625,1.57,4.53,41.5,138.0,6.63,4.05,,80,74.0,79.0,False,556.7937523257848,1
55910,Brian Branch,2023,SS,2001-10-22,Alabama,Southeastern Conference,2.0,14.0,45.0,DB,71.625,190,9.5,30.75,75.25,1.56,4.58,34.5,125.0,,,14.0,60,87.0,83.0,False,459.2515618168012,1
55911,Keion White,2023,DE,1999-01-20,Georgia Tech,Atlantic Coast Conference,2.0,15.0,46.0,DL,76.875,285,10.125,34.0,80.0,,,34.0,117.0,,,30.0,79,80.0,82.0,False,424.88242337509416,0
55912,Quan Martin,2023,FS,2000-04-17,Illinois,Big Ten Conference,2.0,16.0,47.0,DB,71.0,194,9.625,31.125,77.375,1.47,4.46,44.0,133.0,,,15.0,83,67.0,75.0,False,111.8393496132976,1
55913,Cody Mauch,2023,G,1999-01-15,North Dakota State,Missouri Valley Football Conference,2.0,17.0,48.0,OL,77.0,302,9.75,32.375,78.875,1.79,5.08,29.0,108.0,7.33,4.55,29.0,83,85.0,85.0,False,726.1822464998551,1
55914,Keeanu Benton,2023,DT,2001-07-17,Wisconsin,Big Ten Conference,2.0,18.0,49.0,DL,75.75,309,9.75,33.875,81.5,1.79,5.08,29.5,111.0,7.34,4.65,25.0,76,69.0,72.0,False,284.27533108562426,1
55915,Jayden Reed,2023,WR,2000-04-28,Michigan State,Big Ten Conference,2.0,19.0,50.0,WR,70.875,187,9.125,30.5,73.125,1.57,4.45,33.5,121.0,,4.29,,69,71.0,70.0,False,221.23006546828083,0
55916,Cam Smith,2023,CB,2000-12-21,South Carolina,Southeastern Conference,2.0,20.0,51.0,DB,72.75,180,9.125,31.625,76.125,1.49,4.43,38.0,134.0,,,,76,79.0,81.0,False,488.81475941038514,0
55918,Gervon Dexter,2023,DT,2000-10-09,Florida,Southeastern Conference,2.0,22.0,53.0,DL,77.625,310,9.5,32.25,80.875,1.81,4.88,31.0,110.0,7.5,,22.0,71,70.0,71.0,False,731.5048588635136,0
55919,Tuli Tuipulotu,2023,OLB,2002-09-03,Southern California,Pacific Twelve Conference,2.0,23.0,54.0,DL,75.0,266,10.125,32.25,77.875,,,,,,,,58,82.0,74.0,False,1808.453091502642,3
55920,Rashee Rice,2023,WR,2000-04-22,Southern Methodist,American Athletic Conference,2.0,24.0,55.0,WR,72.625,204,9.5,32.75,77.375,1.49,4.51,41.0,128.0,,,,79,79.0,82.0,False,759.4912760345302,1
55921,Tyrique Stevenson,2023,CB,2000-05-26,Miami,Atlantic Coast Conference,2.0,25.0,56.0,DB,72.375,198,9.625,32.375,77.625,1.51,4.45,38.5,125.0,7.09,4.41,,75,71.0,75.0,False,1028.1467740891671,0
55922,John Michael Schmitz,2023,C,1999-03-19,Minnesota,Big Ten Conference,2.0,26.0,57.0,OL,75.5,301,9.5,32.625,78.375,1.85,5.35,29.5,104.0,,4.56,26.0,63,97.0,84.0,False,509.3397530660448,1
55924,O'Cyrus Torrence,2023,G,2000-01-20,Florida,Southeastern Conference,2.0,28.0,59.0,OL,77.375,330,11.25,33.875,83.875,1.84,5.31,23.5,101.0,,4.81,23.0,68,87.0,82.0,False,731.5048588635136,0
55927,Juice Scruggs,2023,G,2000-01-19,Penn State,Big Ten Conference,2.0,31.0,62.0,OL,75.25,301,10.25,33.25,81.75,1.79,5.22,32.0,102.0,7.75,4.82,29.0,62,67.0,61.0,False,443.3824954134609,0
55928,Marvin Mims,2023,WR,2002-03-19,Oklahoma,Big Twelve Conference,2.0,32.0,63.0,WR,70.875,183,9.0,31.625,74.75,1.55,4.38,39.5,129.0,6.9,,,79,77.0,79.0,False,693.2690876948159,1
55929,Zacch Pickens,2023,DT,2000-03-06,South Carolina,Southeastern Conference,3.0,1.0,64.0,DL,75.875,291,10.375,34.375,81.625,1.74,4.89,30.5,116.0,7.45,4.62,22.0,73,65.0,67.0,False,488.81475941038514,0
55930,Tyler Steen,2023,G,2000-06-24,Alabama,Southeastern Conference,3.0,2.0,65.0,OL,78.0,321,10.5,32.75,80.5,,,29.5,109.0,,4.59,31.0,73,56.0,68.0,True,459.2515618168012,1
55931,Sydney Brown,2023,SS,2000-03-21,Illinois,Big Ten Conference,3.0,3.0,66.0,DB,69.75,211,10.25,31.5,76.0,1.51,4.47,40.5,130.0,,,23.0,90,68.0,74.0,False,111.8393496132976,1
55934,Tank Dell,2023,WR,1999-10-29,Houston,American Athletic Conference,3.0,6.0,69.0,WR,68.375,165,8.625,30.5,72.625,1.49,4.49,,121.0,,,,64,81.0,77.0,False,866.5597334093129,1
55938,Jalin Hyatt,2023,WR,2001-09-25,Tennessee,Southeastern Conference,3.0,10.0,73.0,WR,72.125,176,9.0,32.5,77.625,1.5,4.4,40.0,135.0,,,,85,84.0,85.0,True,289.8019248103057,0
55939,Cedric Tillman,2023,WR,2000-04-19,Tennessee,Southeastern Conference,3.0,11.0,74.0,WR,75.375,213,10.0,32.75,79.25,1.53,4.54,37.0,128.0,,,,72,76.0,78.0,False,289.8019248103057,0
55942,Byron Young,2023,OLB,1998-03-13,Tennessee,Southeastern Conference,3.0,14.0,77.0,DL,74.375,250,9.25,32.5,79.125,1.62,4.43,38.0,132.0,7.19,,22.0,81,67.0,71.0,False,289.8019248103057,0
55943,Tucker Kraft,2023,TE,2000-11-03,South Dakota State,Missouri Valley Football Conference,3.0,15.0,78.0,TE,76.75,254,10.0,32.75,79.375,1.59,4.69,34.0,122.0,7.08,4.29,23.0,79,82.0,83.0,False,628.6990366817704,1
55947,YaYa Diaby,2023,OLB,1999-05-30,Louisville,Atlantic Coast Conference,3.0,19.0,82.0,DL,75.375,263,10.375,33.875,80.5,1.56,4.51,37.0,120.0,,,,84,66.0,70.0,False,109.13729075894506,0
55948,Riley Moss,2023,CB,2000-03-02,Iowa,Big Ten Conference,3.0,20.0,83.0,DB,72.625,193,9.5,30.0,74.125,1.48,4.45,39.0,127.0,,,,85,71.0,77.0,False,311.3713474312092,1
55958,Darnell Washington,2023,TE,2001-08-17,Georgia,Southeastern Conference,3.0,30.0,93.0,TE,78.625,264,11.0,34.375,83.75,1.57,4.64,31.0,122.0,,4.08,21.0,90,61.0,85.0,False,430.05425639996514,0
55959,Michael Wilson,2023,WR,2000-02-23,Stanford,Pacific Twelve Conference,3.0,31.0,94.0,WR,73.875,213,9.75,31.0,75.125,1.5,4.58,37.5,125.0,,4.27,23.0,79,63.0,71.0,False,1938.0137626903318,3
55960,Jordan Battle,2023,SS,2000-12-14,Alabama,Southeastern Conference,3.0,32.0,95.0,DB,73.0,209,8.5,32.0,74.625,1.56,4.55,,,,,17.0,56,75.0,76.0,False,459.2515618168012,1
55962,Ricky Stromberg,2023,C,2000-11-10,Arkansas,Southeastern Conference,3.0,34.0,97.0,OL,75.25,306,9.75,33.25,79.625,1.81,5.26,32.5,111.0,,,,78,70.0,76.0,False,505.40678932934554,1
55963,Siaki Ika,2023,DT,2000-11-07,Baylor,Big Twelve Conference,3.0,35.0,98.0,DL,74.875,335,10.25,32.375,75.875,1.88,5.39,,,7.8,4.99,,52,68.0,64.0,False,835.3212402751026,1
55965,Tre Tucker,2023,WR,2001-03-08,Cincinnati,American Athletic Conference,3.0,37.0,100.0,WR,68.625,182,8.625,28.875,70.375,1.48,4.4,37.5,124.0,,,,79,59.0,71.0,True,98.06994357214846,0
55968,Nick Saldiveri,2023,G,2000-08-14,Old Dominion,Conference USA,4.0,1.0,103.0,OL,78.25,318,10.25,33.25,81.25,1.8,5.21,31.0,111.0,,4.69,24.0,81,61.0,70.0,True,569.7010455967967,0
55970,Kelee Ringo,2023,CB,2002-06-27,Georgia,Southeastern Conference,4.0,3.0,105.0,DB,73.75,207,8.5,31.25,74.125,1.54,4.36,33.5,122.0,,,,79,77.0,81.0,False,430.05425639996514,0
55971,Blake Freeland,2023,T,2001-05-03,Brigham Young,Independent,4.0,4.0,106.0,OL,79.875,302,10.0,33.875,81.875,1.68,4.98,37.0,120.0,7.46,4.71,,87,83.0,81.0,False,1344.5749502033686,2
55973,Anthony Bradford,2023,G,2001-04-28,Louisiana State,Southeastern Conference,4.0,6.0,108.0,OL,76.0,332,9.5,33.5,80.375,1.74,5.08,30.0,106.0,7.84,4.8,34.0,81,65.0,67.0,False,705.010197311825,1
55974,Dylan Horton,2023,DE,2000-08-21,Texas Christian,Big Twelve Conference,4.0,7.0,109.0,DL,76.0,257,9.5,33.125,78.5,,,34.0,120.0,,,18.0,64,70.0,67.0,False,790.6529412366193,1
55975,Adetomiwa Adebawore,2023,DT,2001-03-04,Northwestern,Big Ten Conference,4.0,8.0,110.0,DL,73.625,282,10.5,33.875,81.625,1.61,4.49,37.5,125.0,,,27.0,90,64.0,74.0,False,177.20440525428987,1
55976,Dawand Jones,2023,T,2001-08-06,Ohio State,Big Ten Conference,4.0,9.0,111.0,OL,80.25,374,11.625,36.375,87.875,1.92,5.35,,,,,,57,87.0,79.0,False,166.993650608601,0
55978,Clark Phillips,2023,CB,2001-12-19,Utah,Pacific Twelve Conference,4.0,11.0,113.0,DB,69.0,184,9.125,29.125,70.75,1.51,4.51,33.0,,,4.32,18.0,60,87.0,76.0,False,1350.832949752014,2
55982,Sidy Sow,2023,G,1998-06-10,Eastern Michigan,Mid-American Conference,4.0,15.0,117.0,OL,76.75,323,10.375,33.625,81.0,1.8,5.07,32.0,110.0,7.62,4.69,,87,58.0,64.0,False,217.10853147619247,0
55983,Braeden Daniels,2023,G,2000-08-22,Utah,Pacific Twelve Conference,4.0,16.0,118.0,OL,75.625,294,9.375,33.0,81.875,1.71,4.99,30.5,109.0,7.53,4.6,,83,62.0,72.0,True,1350.832949752014,2
55984,Chamarri Conner,2023,SS,2000-07-11,Virginia Tech,Atlantic Coast Conference,4.0,17.0,119.0,DB,72.0,202,9.0,31.375,76.125,1.56,4.51,40.5,125.0,,,20.0,78,61.0,66.0,False,356.21861318039345,0
55987,Jon Gaines,2023,C,2000-05-24,UCLA,Pacific Twelve Conference,4.0,20.0,122.0,OL,76.0,303,10.125,33.625,81.25,1.73,5.01,32.5,114.0,7.31,4.45,,92,64.0,70.0,True,1815.7444459177334,3
55988,Cameron Young,2023,NT,2000-06-08,Mississippi State,Southeastern Conference,4.0,21.0,123.0,DL,75.375,304,10.0,34.5,82.0,1.8,5.1,,,,,,58,61.0,59.0,False,459.2842025642678,1
55989,Tavius Robinson,2023,OLB,1999-01-03,Mississippi,Southeastern Conference,4.0,22.0,124.0,DL,78.125,257,9.625,33.75,79.25,1.63,4.66,33.5,120.0,,4.62,23.0,69,62.0,66.0,False,416.55270343167956,1
55990,Derius Davis,2023,WR,2000-09-11,Texas Christian,Big Twelve Conference,4.0,23.0,125.0,WR,68.375,165,8.0,29.25,69.0,1.46,4.36,,,,4.38,,78,56.0,70.0,True,790.6529412366193,1
55991,Isaiah McGuire,2023,DE,2001-07-27,Missouri,Southeastern Conference,4.0,24.0,126.0,DL,76.375,268,8.625,33.875,82.0,1.72,4.76,36.5,122.0,7.39,,,72,73.0,71.0,False,334.09129904309333,1
55995,Tyler Lacy,2023,DE,1999-11-10,Oklahoma State,Big Twelve Conference,4.0,28.0,130.0,DL,76.375,279,10.875,33.25,78.375,1.72,5.11,28.5,116.0,7.6,,30.0,66,64.0,65.0,False,644.5660706864771,1
55998,Tyler Scott,2023,WR,2001-10-12,Cincinnati,American Athletic Conference,4.0,31.0,133.0,WR,69.875,177,9.0,30.875,72.75,1.51,4.44,39.5,133.0,,,,76,69.0,75.0,True,98.06994357214846,0
55999,Jay Ward,2023,SS,2000-07-13,Louisiana State,Southeastern Conference,4.0,32.0,134.0,DB,72.75,188,8.25,32.5,76.875,1.53,4.55,34.5,132.0,,,16.0,63,65.0,66.0,False,705.010197311825,1
56001,Yasir Abdullah,2023,OLB,2000-04-12,Louisville,Atlantic Coast Conference,5.0,1.0,136.0,DL,72.625,237,9.25,32.375,79.125,1.56,4.47,36.5,129.0,,,,79,76.0,71.0,False,109.13729075894506,0
56003,Darius Rush,2023,CB,2000-02-22,South Carolina,Southeastern Conference,5.0,4.0,138.0,DB,73.875,198,9.5,33.375,79.625,1.51,4.36,35.0,121.0,,,,80,68.0,75.0,False,488.81475941038514,0
56007,Cameron Mitchell,2023,CB,2001-09-08,Northwestern,Big Ten Conference,5.0,8.0,142.0,DB,70.75,191,9.75,31.375,76.125,1.48,4.47,35.0,,,,15.0,77,59.0,66.0,False,177.20440525428987,1
56010,Jammie Robinson,2023,SS,2001-01-24,Florida State,Atlantic Coast Conference,5.0,11.0,145.0,DB,70.625,191,8.75,29.625,72.25,1.58,4.59,33.5,116.0,,,23.0,60,77.0,74.0,False,652.3638119548565,0
56012,Josh Whyle,2023,TE,1999-09-08,Cincinnati,American Athletic Conference,5.0,13.0,147.0,TE,78.5,248,9.5,31.5,77.375,1.61,4.69,33.5,115.0,,,,71,69.0,73.0,False,98.06994357214846,0
56015,Justin Shorter,2023,WR,2000-04-17,Florida,Southeastern Conference,5.0,16.0,150.0,WR,76.25,229,10.0,33.75,82.375,1.59,4.55,35.5,126.0,,,18.0,72,56.0,66.0,False,731.5048588635136,0
56020,Darrell Luter,2023,CB,2000-04-24,South Alabama,Sun Belt Conference,5.0,21.0,155.0,DB,71.75,189,10.375,32.375,77.875,1.57,4.46,40.5,123.0,6.9,4.43,,69,58.0,63.0,False,636.5046264111191,1
56021,Jordan McFadden,2023,G,1999-11-16,Clemson,Atlantic Coast Conference,5.0,22.0,156.0,OL,74.25,303,9.5,34.0,81.0,1.74,4.99,28.5,,7.7,4.81,,72,74.0,69.0,False,395.87651619988316,0
56023,Daniel Scott,2023,SS,1998-10-26,California,Pacific Twelve Conference,5.0,24.0,158.0,DB,72.875,208,10.0,30.25,74.375,1.55,4.45,39.5,128.0,6.75,4.17,22.0,88,63.0,71.0,False,1934.4078843833418,3
56025,Antonio Johnson,2023,SS,2001-10-29,Texas A&M,Southeastern Conference,5.0,26.0,160.0,DB,73.875,198,9.75,32.125,77.875,1.57,4.52,31.0,118.0,,,8.0,61,77.0,79.0,False,852.5615735313211,1
56026,Nick Hampton,2023,OLB,2000-04-05,Appalachian State,Sun Belt Conference,5.0,27.0,161.0,DL,74.25,236,9.5,33.625,80.625,1.65,4.58,35.5,120.0,,,,61,72.0,67.0,False,345.7417076555865,0
56027,Will Mallory,2023,TE,1999-06-22,Miami,Atlantic Coast Conference,5.0,28.0,162.0,TE,76.5,239,9.375,32.25,78.25,1.59,4.54,36.5,121.0,,,20.0,73,68.0,69.0,False,1028.1467740891671,0
56034,Asim Richards,2023,T,2000-10-02,North Carolina,Atlantic Coast Conference,5.0,35.0,169.0,OL,76.25,309,10.0,34.0,82.75,,,,,,,,68,60.0,66.0,False,470.70305178088427,0
56035,Christopher Smith,2023,FS,2000-05-01,Georgia,Southeastern Conference,5.0,36.0,170.0,DB,70.625,192,9.625,31.125,75.0,1.56,4.62,33.0,116.0,,,15.0,56,75.0,74.0,False,430.05425639996514,0
56036,Payne Durham,2023,TE,2000-06-15,Purdue,Big Ten Conference,5.0,37.0,171.0,TE,77.625,253,9.75,33.375,80.375,1.61,4.87,34.5,117.0,,,,65,70.0,69.0,False,60.86521466879709,0
56038,Robert Beal,2023,DE,1999-08-18,Georgia,Southeastern Conference,5.0,39.0,173.0,DL,75.75,247,10.125,34.625,82.25,1.62,4.48,30.0,123.0,,,,63,56.0,59.0,False,430.05425639996514,0
56040,Davis Allen,2023,TE,2001-02-03,Clemson,Atlantic Coast Conference,5.0,41.0,175.0,TE,77.875,245,10.0,32.25,79.75,1.6,4.84,38.5,125.0,,,,60,,,False,395.87651619988316,0
56042,Puka Nacua,2023,WR,2001-05-29,Brigham Young,Independent,5.0,43.0,177.0,WR,73.625,201,9.5,31.5,74.875,,,,,,,,56,72.0,65.0,False,1344.5749502033686,2
56045,Kei'Trel Clark,2023,CB,2001-03-19,Louisville,Atlantic Coast Conference,6.0,3.0,180.0,DB,70.25,181,8.25,29.625,72.375,1.49,4.42,34.5,122.0,,4.21,,70,68.0,69.0,False,109.13729075894506,0
56052,Kayshon Boutte,2023,WR,2002-05-07,Louisiana State,Southeastern Conference,6.0,10.0,187.0,WR,71.25,195,9.5,31.375,76.875,1.58,4.5,29.0,118.0,,4.25,,57,69.0,71.0,False,705.010197311825,1
56055,Luke Wypler,2023,C,2001-05-03,Ohio State,Big Ten Conference,6.0,13.0,190.0,OL,74.625,303,9.625,31.625,77.125,1.83,5.14,30.5,106.0,7.64,4.53,29.0,81,78.0,80.0,False,166.993650608601,0
56056,Trey Palmer,2023,WR,2001-04-02,Nebraska,Big Ten Conference,6.0,14.0,191.0,WR,72.25,192,9.625,31.875,76.125,1.51,4.33,,,,,,76,68.0,73.0,False,559.7763526092813,1
56059,Keondre Coburn,2023,NT,2000-05-23,Texas,Big Twelve Conference,6.0,17.0,194.0,DL,73.625,332,9.125,31.5,76.625,1.82,5.22,27.5,101.0,,,24.0,70,68.0,69.0,False,924.2869662298524,1
56060,A.T. Perry,2023,WR,1999-10-26,Wake Forest,Atlantic Coast Conference,6.0,18.0,195.0,WR,75.5,198,9.25,33.25,81.625,1.59,4.47,35.0,133.0,,,,75,79.0,80.0,False,406.70273818051265,0
56061,Jose Ramirez,2023,OLB,1999-05-09,Eastern Michigan,Mid-American Conference,6.0,19.0,196.0,DL,73.875,242,8.75,32.75,78.625,1.63,4.73,34.5,118.0,6.95,4.3,21.0,63,74.0,66.0,False,217.10853147619247,0
56062,Elijah Higgins,2023,TE,2000-10-27,Stanford,Pacific Twelve Conference,6.0,20.0,197.0,WR,75.0,235,10.5,31.75,77.75,1.56,4.54,35.0,126.0,7.01,,,77,59.0,70.0,False,1938.0137626903318,3
56066,Jarrett Patterson,2023,C,1999-09-01,Notre Dame,Independent,6.0,24.0,201.0,OL,77.125,306,10.0,31.375,77.0,1.82,5.33,29.5,106.0,7.96,4.73,22.0,58,78.0,73.0,False,134.47451498965336,0
56070,Xavier Hutchinson,2023,WR,2000-06-01,Iowa State,Big Twelve Conference,6.0,28.0,205.0,WR,73.875,203,9.375,31.375,74.875,1.55,4.53,36.0,116.0,6.91,4.35,,64,76.0,71.0,False,420.84085659563664,1
56071,Andrei Iosivas,2023,WR,1999-10-15,Princeton,Ivy League,6.0,29.0,206.0,WR,75.125,205,8.75,32.0,76.75,1.52,4.43,39.0,128.0,6.85,4.12,19.0,87,74.0,77.0,True,609.7848666719593,0
56075,Demario Douglas,2023,WR,2000-12-08,Liberty,Independent,6.0,33.0,210.0,WR,68.25,179,8.75,30.25,72.5,1.54,4.44,39.5,134.0,,4.29,,72,63.0,66.0,False,412.2256974968046,0
56078,Dante Stills,2023,DE,1999-12-14,West Virginia,Big Twelve Conference,6.0,36.0,213.0,DL,75.5,286,9.625,32.375,78.0,1.72,4.85,28.5,113.0,7.38,4.61,20.0,71,64.0,65.0,False,330.0787223444916,0
56084,Antoine Green,2023,WR,1999-11-15,North Carolina,Atlantic Coast Conference,7.0,2.0,219.0,WR,73.75,199,9.0,32.125,76.75,1.54,4.47,33.5,123.0,6.99,4.27,,70,63.0,64.0,False,470.70305178088427,0
56085,Zack Kuntz,2023,TE,1999-06-04,Old Dominion,Conference USA,7.0,3.0,220.0,TE,79.375,255,10.25,34.0,83.125,1.57,4.55,40.0,128.0,6.87,4.12,23.0,97,65.0,79.0,True,569.7010455967967,0
56086,Jaylon Jones,2023,CB,2002-04-03,Texas A&M,Southeastern Conference,7.0,4.0,221.0,DB,74.125,200,9.0,30.75,76.75,1.48,4.57,38.0,122.0,6.88,4.3,14.0,71,65.0,71.0,False,852.5615735313211,1
56089,DeMarcco Hellams,2023,SS,2000-06-05,Alabama,Southeastern Conference,7.0,7.0,224.0,DB,72.625,203,9.0,31.0,74.875,1.57,4.57,31.0,121.0,,,,57,63.0,63.0,False,459.2515618168012,1
56090,Jovaughn Gwyn,2023,C,1999-03-18,South Carolina,Southeastern Conference,7.0,8.0,225.0,OL,73.875,297,9.875,31.75,77.0,1.8,5.12,27.5,109.0,7.9,4.8,34.0,70,61.0,61.0,False,488.81475941038514,0
56095,Nick Broeker,2023,G,2000-10-07,Mississippi,Southeastern Conference,7.0,13.0,230.0,OL,76.375,305,9.75,32.5,76.625,1.84,5.27,,,7.75,4.7,,66,56.0,64.0,False,416.55270343167956,1
56096,Nesta Jade Silvera,2023,DT,2000-01-23,Arizona State,Pacific Twelve Conference,7.0,14.0,231.0,DL,74.0,304,9.875,32.875,78.625,1.77,5.16,29.5,110.0,,,,60,63.0,58.0,False,1488.8246451455907,2
56099,Jason Taylor,2023,FS,1999-12-30,Oklahoma State,Big Twelve Conference,7.0,17.0,234.0,DB,71.625,204,10.0,32.0,78.25,1.52,4.5,43.0,129.0,,,14.0,84,61.0,66.0,False,644.5660706864771,1
56103,Ryan Hayes,2023,T,2000-02-28,Michigan,Big Ten Conference,7.0,21.0,238.0,OL,78.375,298,10.0,32.5,79.0,1.78,5.18,30.0,103.0,7.39,,,73,61.0,69.0,False,215.05211938259401,0
56107,Anthony Johnson,2023,FS,1999-12-02,Iowa State,Big Twelve Conference,7.0,25.0,242.0,DB,71.625,205,8.75,31.25,75.875,1.55,4.54,37.5,125.0,,,,70,58.0,62.0,False,420.84085659563664,1
56109,Jalen Brooks,2023,WR,2000-05-07,South Carolina,Southeastern Conference,7.0,27.0,244.0,WR,73.0,201,9.5,34.125,80.25,1.56,4.69,35.0,130.0,7.15,4.31,,59,50.0,53.0,False,488.81475941038514,0
56112,Brayden Willis,2023,TE,1999-11-11,Oklahoma,Big Twelve Conference,7.0,30.0,247.0,TE,75.5,241,9.75,33.25,79.125,,,32.0,117.0,7.3,4.36,20.0,61,58.0,55.0,False,693.2690876948159,1
56113,Brandon Hill,2023,SS,2000-09-06,Pittsburgh,Atlantic Coast Conference,7.0,31.0,248.0,DB,70.375,193,9.5,30.75,74.125,1.5,4.43,35.5,123.0,,,15.0,80,50.0,60.0,False,331.1527583288667,0
56117,Alex Austin,2023,CB,2001-05-22,Oregon State,Pacific Twelve Conference,7.0,35.0,252.0,DB,73.0,195,8.5,31.875,76.25,1.54,4.55,33.0,122.0,,4.33,,64,62.0,65.0,False,1912.8937515080167,3
56118,Ronnie Bell,2023,WR,2000-01-28,Michigan,Big Ten Conference,7.0,36.0,253.0,WR,71.625,191,9.5,31.0,75.0,1.52,4.54,38.5,120.0,6.98,4.15,14.0,65,65.0,64.0,False,215.05211938259401,0
56119,Gervarrius Owens,2023,FS,1999-10-14,Houston,American Athletic Conference,7.0,37.0,254.0,DB,72.375,195,9.5,32.0,78.0,,,37.5,125.0,,,15.0,78,56.0,64.0,False,866.5597334093129,1
56121,Grant DuBose,2023,WR,2001-06-20,North Carolina-Charlotte,American Athletic Conference,7.0,39.0,256.0,WR,74.375,201,9.5,31.875,77.875,1.52,4.57,35.0,125.0,6.89,4.32,,70,63.0,64.0,True,427.7739179660955,0
56250,Trey Dean,2023,SS,2000-02-29,Florida,Southeastern Conference,,,,DB,74.125,200,9.25,31.75,76.625,1.6,4.75,36.5,124.0,,,25.0,55,64.0,62.0,False,731.5048588635136,0
56361,Jaray Jenkins,2023,WR,2000-01-04,Louisiana State,Southeastern Conference,,,,WR,73.625,204,10.0,31.75,75.75,1.56,4.6,29.5,,,,20.0,51,54.0,52.0,False,705.010197311825,1
56232,Bryce Ford-Wheaton,2023,WR,2000-04-09,West Virginia,Big Twelve Conference,,,,WR,75.75,221,9.375,33.5,82.25,1.54,4.38,41.0,129.0,6.97,4.15,,91,59.0,73.0,False,330.0787223444916,0
56248,Jason Brownlee,2023,WR,1999-01-30,Southern Mississippi,Conference USA,,,,WR,74.0,198,9.75,33.75,80.375,1.52,4.59,39.5,131.0,,,16.0,71,63.0,63.0,False,609.0107583699466,1
56450,T.J. Bass,2023,G,1999-03-31,Oregon,Pacific Twelve Conference,,,,OL,76.375,317,9.25,32.375,79.0,1.86,5.48,28.5,109.0,,,,57,66.0,60.0,True,1904.7316491408012,3
56344,Connor Galvin,2023,T,1999-03-11,Baylor,Big Twelve Conference,,,,OL,78.625,293,9.0,32.375,78.375,1.81,5.48,30.5,104.0,8.0,4.92,29.0,64,63.0,64.0,False,835.3212402751026,1
56461,Tyrus Wheat,2023,DE,1999-12-08,Mississippi State,Southeastern Conference,,,,DL,74.0,263,9.0,32.875,78.5,1.59,4.65,28.5,113.0,,4.54,,67,61.0,61.0,False,459.2842025642678,1
56238,Jadon Haselwood,2023,WR,2001-04-15,Arkansas,Southeastern Conference,,,,WR,74.25,215,10.0,31.25,75.625,1.56,4.66,37.0,123.0,6.98,4.31,,71,59.0,62.0,False,505.40678932934554,1
56347,Brandon Joseph,2023,SS,2001-02-05,Notre Dame,Independent,,,,DB,72.375,202,9.0,30.875,74.75,1.56,4.62,30.5,118.0,7.08,4.23,17.0,56,68.0,64.0,False,134.47451498965336,0
56456,Isaiah Land,2023,DE,2000-02-05,Florida A&M,Southwestern Athletic Conference,,,,DL,75.5,236,9.25,32.5,77.5,1.65,4.62,34.5,126.0,7.2,4.56,21.0,61,64.0,61.0,False,653.3794081370706,0
56563,Jacob Copeland,2023,WR,1999-06-20,Maryland,Big Ten Conference,,,,WR,71.25,201,8.625,31.625,76.75,1.51,4.42,33.0,127.0,7.01,4.47,20.0,78,53.0,66.0,False,495.1891554953855,0
56510,Thomas Incoom,2023,OLB,1999-02-19,Central Michigan,Mid-American Conference,,,,DL,74.0,262,8.75,33.25,78.875,1.65,4.66,30.5,118.0,,,23.0,74,71.0,67.0,False,274.1072598645135,0
56518,Alan Ali,2023,C,1998-09-11,Texas Christian,Big Twelve Conference,,,,OL,76.0,301,9.5,32.875,77.625,,,26.5,,,,,58,52.0,53.0,False,790.6529412366193,1
56625,Mark Evans,2023,T,1999-10-11,Arkansas-Pine Bluff,Southwestern Athletic Conference,,,,OL,74.5,303,10.375,32.375,79.0,1.9,5.44,26.5,101.0,7.75,4.92,19.0,53,57.0,53.0,False,499.1900581338472,1
56474,Arquon Bush,2023,CB,2000-05-10,Cincinnati,American Athletic Conference,,,,DB,71.875,187,9.25,29.875,72.375,1.55,4.54,33.5,115.0,,,,54,59.0,60.0,False,98.06994357214846,0
56629,Anthony Johnson,2023,CB,1999-06-12,Virginia,Atlantic Coast Conference,,,,DB,73.625,205,8.625,32.625,77.25,1.59,4.63,30.5,116.0,,,15.0,57,66.0,65.0,False,428.46553971260215,0
56648,Ikenna Enechukwu,2023,OLB,2000-01-24,Rice,Conference USA,,,,DL,76.25,264,9.625,33.625,81.5,1.66,4.7,31.5,120.0,,,,67,55.0,60.0,False,868.7256321273159,1
56451,Earl Bostick,2023,T,1998-12-31,Kansas,Big Twelve Conference,,,,OL,77.75,309,9.5,34.125,80.75,1.74,5.05,31.0,111.0,,,,82,59.0,69.0,False,488.69092155383737,1
56363,Leonard Taylor,2023,TE,1999-08-26,Cincinnati,Big Twelve Conference,,,,TE,76.625,250,10.125,32.75,80.5,,,,,,,,56,71.0,63.0,False,98.06994357214846,0
56567,Tyreque Jones,2023,FS,1999-01-04,Boise State,Mountain West Conference,,,,DB,73.75,195,9.625,33.75,80.375,1.61,4.52,32.0,119.0,,4.48,,60,60.0,59.0,False,1563.71428419133,2
56198,Dontay Demus,2023,WR,2000-09-26,Maryland,Big Ten Conference,,,,WR,75.125,212,9.75,34.25,79.625,1.55,4.57,35.5,123.0,,4.39,,70,61.0,66.0,False,495.1891554953855,0
56239,Joseph Ngata,2023,WR,2001-01-09,Clemson,Atlantic Coast Conference,,,,WR,75.125,217,10.25,33.125,80.375,1.59,4.54,34.5,124.0,,,,69,50.0,57.0,False,395.87651619988316,0
56581,Jerrod Clark,2023,DT,1999-11-16,Coastal Carolina,Sun Belt Conference,,,,DL,75.625,334,9.75,33.75,82.0,1.82,5.25,27.5,102.0,7.6,4.83,,71,59.0,64.0,False,570.9816749042668,0
56228,Habakkuk Baldonado,2023,DE,1999-09-06,Pittsburgh,Atlantic Coast Conference,,,,DL,76.125,251,10.5,33.0,79.375,1.67,4.78,35.0,120.0,7.11,4.44,21.0,70,61.0,65.0,False,331.1527583288667,0
56559,Mitch Tinsley,2023,WR,1999-09-15,Penn State,Big Ten Conference,,,,WR,72.0,199,10.0,32.375,75.625,1.53,4.6,35.5,120.0,,4.21,14.0,60,67.0,63.0,False,443.3824954134609,0
56220,Malik Heath,2023,WR,2000-03-31,Mississippi,Southeastern Conference,,,,WR,74.375,213,9.125,32.5,79.875,1.53,4.64,34.0,124.0,6.96,4.46,,69,60.0,62.0,False,416.55270343167956,1
56497,Jalen Redmond,2023,DE,1999-03-12,Oklahoma,Big Twelve Conference,,,,DL,74.375,291,10.125,32.625,78.25,1.71,4.81,34.5,116.0,7.3,4.51,27.0,87,66.0,66.0,False,693.2690876948159,1
56471,Jake Bobo,2023,WR,1998-08-04,UCLA,Pacific Twelve Conference,,,,WR,76.0,206,10.0,32.25,78.25,,,,,,,,51,60.0,54.0,False,1815.7444459177334,3
56203,Tashawn Manning,2023,G,1998-05-23,Kentucky,Southeastern Conference,,,,OL,75.125,327,9.75,34.5,82.5,1.85,5.34,27.5,102.0,7.9,4.8,,75,61.0,64.0,False,149.14377006212095,0
56543,Kaevon Merriweather,2023,SS,1999-12-20,Iowa,Big Ten Conference,,,,DB,72.0,205,9.25,31.875,77.125,1.58,4.62,35.5,118.0,,,,62,61.0,63.0,False,311.3713474312092,1
56218,Brenton Cox,2023,DE,2000-01-30,Florida,Southeastern Conference,,,,DL,75.875,250,9.25,33.125,80.75,1.65,4.82,33.0,115.0,,,24.0,60,67.0,65.0,False,731.5048588635136,0
56207,Travis Vokolek,2023,TE,1998-06-04,Nebraska,Big Ten Conference,,,,TE,78.125,259,9.5,32.875,79.125,,,,115.0,,,20.0,64,52.0,59.0,False,559.7763526092813,1
56645,Dalton Wagner,2023,T,1998-10-05,Arkansas,Southeastern Conference,,,,OL,80.0,320,10.5,34.375,83.25,,,24.5,102.0,,,24.0,60,60.0,61.0,False,505.40678932934554,1
56408,Lonnie Phelps,2023,DE,2000-08-24,Kansas,Big Twelve Conference,,,,DL,74.375,244,9.25,32.375,75.375,1.62,4.55,,,,,31.0,70,67.0,67.0,False,488.69092155383737,1
56365,D.J. Dale,2023,DT,2000-10-30,Alabama,Southeastern Conference,,,,DL,72.875,302,9.75,32.875,78.625,1.81,5.26,25.5,98.0,7.69,4.8,,57,56.0,55.0,False,459.2515618168012,1
56571,Caleb Murphy,2023,OLB,1999-12-15,Ferris State,Great Lakes Intercollegiate Athletic Conference,,,,DL,75.25,254,10.25,32.75,79.25,1.65,4.81,28.5,119.0,7.28,4.45,,59,52.0,53.0,True,273.4061327295353,0
56541,Rakim Jarrett,2023,WR,2001-01-24,Maryland,Big Ten Conference,,,,WR,71.875,192,9.375,31.375,75.875,1.51,4.44,35.5,123.0,,,13.0,77,61.0,71.0,False,495.1891554953855,0
56514,P.J. Mustipher,2023,NT,1999-11-10,Penn State,Big Ten Conference,,,,DL,75.875,320,9.0,32.75,79.375,1.88,5.41,27.5,96.0,8.01,5.03,19.0,51,55.0,52.0,False,443.3824954134609,0
56183,Emil Ekiyor,2023,G,2000-01-22,Alabama,Southeastern Conference,,,,OL,74.5,314,9.5,33.875,82.625,,,,,,,23.0,67,66.0,72.0,False,459.2515618168012,1
56572,John Ojukwu,2023,T,1999-01-09,Boise State,Mountain West Conference,,,,OL,77.75,309,10.75,34.0,83.625,1.81,5.24,28.5,104.0,7.52,4.52,26.0,79,51.0,59.0,False,1563.71428419133,2
56636,McClendon Curtis,2023,G,1999-09-16,Chattanooga,Southern Conference,,,,OL,77.875,324,10.25,35.0,83.875,1.85,5.24,26.5,105.0,7.7,4.97,25.0,74,69.0,68.0,False,329.09568173881627,0
56662,Rashad Torrence,2023,FS,2002-03-20,Florida,Southeastern Conference,,,,DB,71.625,193,10.0,32.0,77.625,1.59,4.72,33.5,119.0,,,20.0,55,60.0,60.0,False,731.5048588635136,0
56371,Jalen Wayne,2023,WR,1999-05-13,South Alabama,Sun Belt Conference,,,,WR,73.75,210,9.375,32.125,78.5,1.54,4.51,34.5,124.0,,,,69,63.0,64.0,False,636.5046264111191,1
56400,Blake Whiteheart,2023,TE,2000-03-22,Wake Forest,Atlantic Coast Conference,,,,TE,75.75,247,8.75,32.125,79.375,1.63,4.7,35.5,115.0,,,20.0,75,56.0,63.0,False,406.70273818051265,0
57126,Joe Alt,2024,T,2003-02-28,Notre Dame,Independent,1.0,5.0,5.0,OL,80.625,321,10.0,34.25,82.75,1.73,5.05,28.0,112.0,7.31,4.51,27.0,88,87.0,93.0,False,134.47451498965336,0
57128,J.C. Latham,2024,T,2003-02-08,Alabama,Southeastern Conference,1.0,7.0,7.0,OL,77.75,342,11.0,35.125,84.375,,,,,,,,68,80.0,80.0,False,459.2515618168012,1
57130,Rome Odunze,2024,WR,2002-06-03,Washington,Pacific Twelve Conference,1.0,9.0,9.0,WR,74.875,212,9.25,32.25,76.75,1.52,4.45,39.0,124.0,6.88,4.03,,91,89.0,94.0,False,1866.5939583950737,3
57135,Taliese Fuaga,2024,T,2002-04-05,Oregon State,Pacific Twelve Conference,1.0,14.0,14.0,OL,77.75,324,10.125,33.125,80.625,1.77,5.13,32.0,111.0,,,,78,78.0,82.0,False,1912.8937515080167,3
57136,Laiatu Latu,2024,DE,2000-12-31,UCLA,Pacific Twelve Conference,1.0,15.0,15.0,DL,76.75,259,9.625,32.625,78.25,1.62,4.64,32.0,116.0,,,,73,92.0,85.0,False,1815.7444459177334,3
57137,Byron Murphy,2024,DT,2002-09-08,Texas,Big Twelve Conference,1.0,16.0,16.0,DL,72.5,297,10.25,32.375,77.125,1.69,4.87,33.0,111.0,,,28.0,87,82.0,83.0,False,924.2869662298524,1
57140,Jared Verse,2024,OLB,2000-04-11,Florida State,Atlantic Coast Conference,1.0,19.0,19.0,DL,75.875,254,9.875,33.5,79.5,1.6,4.58,35.0,127.0,7.31,4.44,31.0,77,83.0,86.0,True,652.3638119548565,0
57141,Troy Fautanu,2024,T,2000-10-11,Washington,Pacific Twelve Conference,1.0,20.0,20.0,OL,75.75,317,9.5,34.5,81.5,1.71,5.01,32.5,113.0,,,,92,76.0,83.0,False,1866.5939583950737,3
57142,Chop Robinson,2024,OLB,2003-01-02,Penn State,Big Ten Conference,1.0,21.0,21.0,DL,74.875,254,9.125,32.5,76.25,1.54,4.48,34.5,128.0,,4.25,,88,74.0,83.0,False,443.3824954134609,0
57143,Quinyon Mitchell,2024,CB,2001-07-18,Toledo,Mid-American Conference,1.0,22.0,22.0,DB,72.125,195,9.25,31.0,75.75,1.51,4.33,38.0,122.0,,,20.0,87,76.0,84.0,False,187.15332788001598,0
57144,Brian Thomas,2024,WR,2002-10-08,Louisiana State,Southeastern Conference,1.0,23.0,23.0,WR,74.875,209,9.75,32.75,79.625,1.5,4.33,38.5,126.0,,,11.0,93,82.0,88.0,False,705.010197311825,1
57145,Terrion Arnold,2024,CB,2003-03-22,Alabama,Southeastern Conference,1.0,24.0,24.0,DB,71.75,189,8.875,31.625,76.25,1.54,4.5,37.0,129.0,,,,68,87.0,84.0,False,459.2515618168012,1
57148,Darius Robinson,2024,DT,2001-09-13,Missouri,Southeastern Conference,1.0,27.0,27.0,DL,77.125,285,10.625,34.5,84.375,1.73,4.95,35.0,111.0,,,21.0,66,76.0,74.0,False,334.09129904309333,1
57150,Tyler Guyton,2024,T,2002-06-11,Oklahoma,Big Twelve Conference,1.0,29.0,29.0,OL,79.75,322,10.25,34.125,82.25,1.76,5.19,34.5,107.0,7.5,4.71,,78,76.0,79.0,False,693.2690876948159,1
57152,Ricky Pearsall,2024,WR,2000-09-09,Florida,Southeastern Conference,1.0,31.0,31.0,WR,73.0,189,9.25,30.875,73.375,1.57,4.41,42.0,129.0,6.64,4.05,17.0,79,70.0,76.0,False,731.5048588635136,0
57153,Xavier Legette,2024,WR,2001-01-29,South Carolina,Southeastern Conference,1.0,32.0,32.0,WR,73.0,221,9.0,31.875,77.5,1.54,4.39,40.0,126.0,,,,84,74.0,80.0,False,488.81475941038514,0
57154,Keon Coleman,2024,WR,2003-05-17,Florida State,Atlantic Coast Conference,2.0,1.0,33.0,WR,75.25,213,9.375,32.125,78.125,1.54,4.61,38.0,127.0,,,,75,73.0,78.0,False,652.3638119548565,0
57155,Ladd McConkey,2024,WR,2001-11-11,Georgia,Southeastern Conference,2.0,2.0,34.0,WR,71.625,186,8.625,30.25,72.0,1.52,4.39,36.0,124.0,,,13.0,82,74.0,79.0,False,430.05425639996514,0
57156,Ruke Orhorhoro,2024,DT,2001-10-13,Clemson,Atlantic Coast Conference,2.0,3.0,35.0,DL,76.0,294,9.375,34.0,79.5,1.67,4.89,32.0,116.0,,,29.0,89,72.0,77.0,False,395.87651619988316,0
57158,Ja'Lynn Polk,2024,WR,2001-04-11,Washington,Pacific Twelve Conference,2.0,5.0,37.0,WR,73.375,203,9.75,31.75,74.5,1.52,4.52,37.5,129.0,,,,79,73.0,79.0,False,1866.5939583950737,3
57159,T'Vondre Sweat,2024,NT,2001-07-11,Texas,Big Twelve Conference,2.0,6.0,38.0,DL,76.5,366,10.125,33.25,81.25,1.8,5.27,26.0,98.0,,,,63,78.0,75.0,False,924.2869662298524,1
57160,Braden Fiske,2024,DE,2000-01-18,Florida State,Atlantic Coast Conference,2.0,7.0,39.0,DL,75.625,292,9.375,31.0,76.75,1.68,4.78,33.5,117.0,,4.37,26.0,92,77.0,81.0,False,652.3638119548565,0
57163,Kamari Lassiter,2024,CB,2003-01-23,Georgia,Southeastern Conference,2.0,10.0,42.0,DB,71.5,186,8.875,30.875,73.75,,,,,6.62,4.12,,57,72.0,72.0,False,430.05425639996514,0
57164,Max Melton,2024,CB,2002-04-15,Rutgers,Big Ten Conference,2.0,11.0,43.0,DB,71.0,187,9.125,32.125,76.625,1.51,4.39,40.5,136.0,,,,84,71.0,77.0,False,620.6092484037355,0
57165,Jackson Powers-Johnson,2024,G,2003-01-23,Oregon,Pacific Twelve Conference,2.0,12.0,44.0,OL,75.375,328,9.875,32.25,78.5,,,32.0,104.0,,,30.0,83,82.0,86.0,False,1904.7316491408012,3
57168,Tyler Nubin,2024,SS,2001-06-14,Minnesota,Big Ten Conference,2.0,15.0,47.0,DB,73.25,199,9.0,32.0,77.5,,,,,,,,57,75.0,73.0,False,509.3397530660448,1
57169,Maason Smith,2024,DT,2002-10-13,Louisiana State,Southeastern Conference,2.0,16.0,48.0,DL,77.125,306,8.5,35.0,84.625,1.75,5.01,31.0,108.0,7.62,4.69,,67,65.0,66.0,False,705.010197311825,1
57171,Mike Sainristil,2024,CB,2000-10-03,Michigan,Big Ten Conference,2.0,18.0,50.0,DB,69.375,182,8.5,30.875,74.5,1.51,4.47,40.0,131.0,6.99,4.01,14.0,72,67.0,72.0,False,215.05211938259401,0
57172,Zach Frazier,2024,C,2001-08-29,West Virginia,Big Twelve Conference,2.0,19.0,51.0,OL,74.625,313,10.875,32.25,78.5,,,,,,,30.0,80,79.0,80.0,False,330.0787223444916,0
57173,Adonai Mitchell,2024,WR,2002-10-08,Texas,Big Twelve Conference,2.0,20.0,52.0,WR,74.25,205,9.0,32.375,77.625,1.52,4.34,39.5,136.0,,,,91,69.0,81.0,False,924.2869662298524,1
57174,Ben Sinnott,2024,TE,2002-06-14,Kansas State,Big Twelve Conference,2.0,21.0,53.0,TE,75.875,250,9.5,32.375,77.5,1.59,4.68,40.0,126.0,6.82,4.23,,81,73.0,76.0,False,556.7937523257848,1
57176,Patrick Paul,2024,T,2001-11-01,Houston,Big Twelve Conference,2.0,23.0,55.0,OL,79.5,331,9.375,36.25,86.25,1.77,5.13,29.0,,7.65,,30.0,77,72.0,76.0,False,866.5597334093129,1
57177,Marshawn Kneeland,2024,DE,2001-07-08,Western Michigan,Mid-American Conference,2.0,24.0,56.0,DL,75.0,267,9.125,34.5,83.375,1.66,4.75,35.5,119.0,7.02,4.18,21.0,83,70.0,75.0,False,176.64979461074225,0
57179,Javon Bullard,2024,SS,2002-09-05,Georgia,Southeastern Conference,2.0,26.0,58.0,DB,70.5,198,9.0,30.75,73.875,1.51,4.47,,,,,,84,78.0,81.0,False,430.05425639996514,0
57180,Blake Fisher,2024,T,2003-03-25,Notre Dame,Independent,2.0,27.0,59.0,OL,77.75,310,10.0,34.375,83.0,1.82,5.2,28.0,114.0,7.76,4.73,,72,69.0,73.0,False,134.47451498965336,0
57181,Cole Bishop,2024,SS,2002-10-24,Utah,Pacific Twelve Conference,2.0,28.0,60.0,DB,74.0,206,9.5,29.75,73.0,1.52,4.45,39.0,124.0,,,,82,70.0,77.0,False,1350.832949752014,2
57183,Roger Rosengarten,2024,T,2002-06-03,Washington,Pacific Twelve Conference,2.0,30.0,62.0,OL,77.375,308,9.625,33.5,80.375,1.73,4.92,30.0,113.0,,4.6,,84,68.0,75.0,False,1866.5939583950737,3
57184,Kingsley Suamataia,2024,G,2003-01-18,Brigham Young,Big Twelve Conference,2.0,31.0,63.0,OL,76.625,326,10.625,34.25,82.125,1.74,5.04,28.0,110.0,,,31.0,87,72.0,79.0,False,1344.5749502033686,2
57185,Renardo Green,2024,CB,2000-11-09,Florida State,Atlantic Coast Conference,2.0,32.0,64.0,DB,71.875,186,9.125,31.25,74.75,1.53,4.49,37.5,130.0,,,,64,63.0,65.0,False,652.3638119548565,0
57189,Caedan Wallace,2024,G,2000-04-18,Penn State,Big Ten Conference,3.0,4.0,68.0,OL,76.875,314,10.75,34.0,82.625,1.74,5.15,31.0,116.0,,,,79,63.0,70.0,False,443.3824954134609,0
57191,Andru Phillips,2024,CB,2001-11-30,Kentucky,Southeastern Conference,3.0,6.0,70.0,DB,70.75,190,8.75,31.25,75.0,1.51,4.48,42.0,135.0,,,,74,61.0,68.0,False,149.14377006212095,0
57194,Cooper Beebe,2024,C,2001-05-19,Kansas State,Big Twelve Conference,3.0,9.0,73.0,OL,75.25,322,9.25,31.5,78.125,1.75,5.03,27.5,109.0,7.44,4.61,20.0,93,82.0,86.0,False,556.7937523257848,1
57195,Bralen Trice,2024,OLB,2001-02-26,Washington,Pacific Twelve Conference,3.0,10.0,74.0,DL,75.5,245,9.0,32.5,77.625,1.65,4.72,,,,,,55,71.0,68.0,False,1866.5939583950737,3
57198,Delmar Glaze,2024,T,2002-08-04,Maryland,Big Ten Conference,3.0,13.0,77.0,OL,76.125,315,10.25,34.875,82.75,1.78,5.21,25.5,104.0,,,29.0,71,64.0,69.0,False,495.1891554953855,0
57199,Calen Bullock,2024,FS,2003-04-30,Southern California,Pacific Twelve Conference,3.0,14.0,78.0,DB,74.0,188,9.0,32.5,78.125,1.51,4.48,,,,,,69,65.0,72.0,False,1808.453091502642,3
57201,Jermaine Burton,2024,WR,2001-06-28,Alabama,Southeastern Conference,3.0,16.0,80.0,WR,72.25,196,9.875,31.0,74.875,1.53,4.45,38.5,133.0,,,,80,72.0,78.0,False,459.2515618168012,1
57202,Christian Haynes,2024,G,2000-04-13,Connecticut,Independent,3.0,17.0,81.0,OL,74.75,317,9.0,33.5,79.75,1.75,5.03,33.0,102.0,,,25.0,92,77.0,84.0,False,740.4693157394144,0
57203,Tip Reiman,2024,TE,2001-09-17,Illinois,Big Ten Conference,3.0,18.0,82.0,TE,76.875,271,10.5,32.875,79.5,1.55,4.64,33.5,121.0,7.02,4.26,28.0,88,57.0,72.0,True,111.8393496132976,1
57205,Roman Wilson,2024,WR,2001-06-19,Michigan,Big Ten Conference,3.0,20.0,84.0,WR,70.75,185,9.375,30.375,72.5,1.52,4.39,,,,,12.0,78,72.0,77.0,False,215.05211938259401,0
57207,Dominick Puni,2024,G,2000-02-24,Kansas,Big Twelve Conference,3.0,23.0,86.0,OL,77.125,313,10.125,33.375,81.125,1.86,5.35,30.0,107.0,7.47,4.4,,69,74.0,73.0,False,488.69092155383737,1
57210,Tykee Smith,2024,SS,2001-02-18,Georgia,Southeastern Conference,3.0,26.0,89.0,DB,70.0,202,9.25,31.625,74.75,1.58,4.46,36.0,120.0,,,,75,71.0,71.0,False,430.05425639996514,0
57211,Elijah Jones,2024,CB,2000-01-08,Boston College,Atlantic Coast Conference,3.0,27.0,90.0,DB,73.5,185,9.25,31.5,76.0,1.54,4.44,42.5,131.0,,,,75,71.0,74.0,True,800.2367677406744,0
57213,Jalen McMillan,2024,WR,2001-12-07,Washington,Pacific Twelve Conference,3.0,29.0,92.0,WR,73.0,197,10.0,32.125,77.375,1.53,4.47,37.0,127.0,6.94,4.18,,76,68.0,73.0,False,1866.5939583950737,3
57215,Jalyx Hunt,2024,OLB,2001-03-13,Houston Christian,Southland Conference,3.0,31.0,94.0,DL,75.75,252,10.0,34.375,82.75,1.6,4.64,37.5,128.0,,,19.0,79,63.0,70.0,True,873.8917037423317,1
57216,DeWayne Carter,2024,DT,2000-12-10,Duke,Atlantic Coast Conference,3.0,32.0,95.0,DL,74.375,302,10.25,33.0,79.125,1.72,4.99,32.0,109.0,7.95,4.75,,71,66.0,67.0,False,471.6901535475602,0
57217,Jarrian Jones,2024,CB,2001-05-08,Florida State,Atlantic Coast Conference,3.0,33.0,96.0,DB,71.875,190,8.625,30.0,73.25,1.53,4.38,39.5,129.0,,,,82,59.0,70.0,False,652.3638119548565,0
57218,McKinnley Jackson,2024,DT,2001-12-26,Texas A&M,Southeastern Conference,3.0,34.0,97.0,DL,73.5,326,10.0,33.875,80.25,1.78,5.26,23.0,106.0,,,,60,63.0,63.0,False,852.5615735313211,1
57220,Kamren Kinchens,2024,FS,2002-09-29,Miami,Atlantic Coast Conference,3.0,36.0,99.0,DB,71.25,203,9.75,31.25,75.0,1.59,4.65,35.0,110.0,,,,57,76.0,72.0,False,1028.1467740891671,0
57221,Luke McCaffrey,2024,WR,2001-04-02,Rice,American Athletic Conference,3.0,37.0,100.0,WR,73.625,198,9.625,30.125,74.5,1.52,4.46,36.0,121.0,6.7,4.02,,78,70.0,74.0,True,868.7256321273159,1
57222,Ja'Tavion Sanders,2024,TE,2003-03-27,Texas,Big Twelve Conference,4.0,1.0,101.0,TE,75.875,245,10.125,32.875,78.25,1.59,4.69,,,,4.32,,69,79.0,79.0,False,924.2869662298524,1
57223,Troy Franklin,2024,WR,2003-02-06,Oregon,Pacific Twelve Conference,4.0,2.0,102.0,WR,73.875,176,8.75,31.875,77.25,1.61,4.41,39.0,124.0,6.9,4.31,,74,86.0,83.0,False,1904.7316491408012,3
57224,Layden Robinson,2024,G,2001-05-03,Texas A&M,Southeastern Conference,4.0,3.0,103.0,OL,75.5,302,10.5,34.625,81.5,,,26.5,111.0,,,,70,63.0,65.0,False,852.5615735313211,1
57225,Dadrion Taylor-Demerson,2024,FS,2001-01-20,Texas Tech,Big Twelve Conference,4.0,4.0,104.0,DB,70.375,197,9.625,30.875,74.25,1.52,4.41,38.0,123.0,,,,76,68.0,70.0,False,967.8946036598624,1
57226,Justin Eboigbe,2024,DE,2001-04-09,Alabama,Southeastern Conference,4.0,5.0,105.0,DL,76.375,297,9.75,33.375,80.75,1.8,5.18,28.0,,,,,61,67.0,65.0,False,459.2515618168012,1
57228,Theo Johnson,2024,TE,2001-02-26,Penn State,Big Ten Conference,4.0,7.0,107.0,TE,78.125,259,10.25,33.0,80.75,1.55,4.57,39.5,125.0,7.15,4.19,,84,67.0,76.0,False,443.3824954134609,0
57230,Brandon Dorlus,2024,DT,2001-03-22,Oregon,Pacific Twelve Conference,4.0,9.0,109.0,DL,75.0,283,9.375,33.25,80.875,1.68,4.85,30.5,111.0,7.43,4.85,,66,63.0,67.0,False,1904.7316491408012,3
57231,Javon Baker,2024,WR,2002-02-18,Central Florida,Big Twelve Conference,4.0,10.0,110.0,WR,73.25,202,9.625,32.25,78.25,1.58,4.54,37.0,121.0,,,,67,74.0,74.0,False,821.1040491721448,0
57232,Evan Williams,2024,FS,2001-07-28,Oregon,Pacific Twelve Conference,4.0,11.0,111.0,DB,71.25,200,10.125,30.125,72.875,1.55,4.6,40.5,126.0,,,,73,67.0,69.0,False,1904.7316491408012,3
57234,Devontez Walker,2024,WR,2001-06-19,North Carolina,Atlantic Coast Conference,4.0,13.0,113.0,WR,73.5,193,9.125,33.25,79.125,1.54,4.36,40.5,134.0,,,,84,76.0,81.0,False,470.70305178088427,0
57238,Tanor Bortolini,2024,C,2002-06-17,Wisconsin,Big Ten Conference,4.0,17.0,117.0,OL,76.25,303,10.0,31.5,77.625,1.69,4.94,32.5,112.0,7.16,4.28,21.0,97,66.0,76.0,False,284.27533108562426,1
57240,Mason McCormick,2024,G,2000-05-25,South Dakota State,Missouri Valley Football Conference,4.0,19.0,119.0,OL,76.25,309,10.0,33.875,81.625,1.71,5.08,35.5,117.0,7.59,4.45,,86,79.0,79.0,True,628.6990366817704,1
57242,A.J. Barner,2024,TE,2002-05-02,Michigan,Big Ten Conference,4.0,21.0,121.0,TE,78.0,251,9.0,33.375,81.875,,,,,,,,69,66.0,71.0,False,215.05211938259401,0
57244,Cade Stover,2024,TE,2000-06-12,Ohio State,Big Ten Conference,4.0,23.0,123.0,TE,75.875,247,9.75,32.75,77.25,1.59,4.65,34.5,117.0,,4.45,,74,67.0,73.0,False,166.993650608601,0
57252,Jared Wiley,2024,TE,2000-01-02,Texas Christian,Big Twelve Conference,4.0,31.0,131.0,TE,78.125,249,9.5,33.25,79.25,1.62,4.62,37.0,118.0,7.19,,,76,64.0,71.0,False,790.6529412366193,1
57253,Sione Vaki,2024,RB,2001-07-30,Utah,Pacific Twelve Conference,4.0,32.0,132.0,DB,71.125,210,8.625,29.125,72.125,1.54,4.62,39.5,125.0,,,20.0,64,57.0,60.0,False,1350.832949752014,2
57254,Jaden Hicks,2024,SS,2002-08-16,Washington State,Pacific Twelve Conference,4.0,33.0,133.0,DB,73.875,211,9.375,31.5,76.25,,,37.5,122.0,6.88,4.37,16.0,78,69.0,75.0,False,1620.874466395118,3
57256,Jacob Cowing,2024,WR,2001-02-04,Arizona,Pacific Twelve Conference,4.0,35.0,135.0,WR,68.375,168,9.0,29.25,69.125,1.54,4.38,36.0,119.0,7.02,4.32,,73,74.0,74.0,False,1474.0362274550605,2
57257,Nehemiah Pritchett,2024,CB,2001-02-11,Auburn,Southeastern Conference,5.0,1.0,136.0,DB,72.125,190,8.375,31.625,75.0,1.49,4.36,34.5,,,,,76,63.0,71.0,False,496.5743783931615,1
57261,Cam Hart,2024,CB,2000-12-05,Notre Dame,Independent,5.0,5.0,140.0,DB,75.0,202,9.375,33.0,78.875,1.57,4.5,39.5,130.0,7.12,4.24,11.0,70,63.0,71.0,False,134.47451498965336,0
57262,Sedrick Van Pran-Granger,2024,C,2001-10-23,Georgia,Southeastern Conference,5.0,6.0,141.0,OL,76.125,298,9.5,31.375,78.625,1.77,5.2,,,7.46,4.82,,62,71.0,72.0,False,430.05425639996514,0
57263,Anthony Gould,2024,WR,2001-04-06,Oregon State,Pacific Twelve Conference,5.0,7.0,142.0,WR,68.375,174,8.875,29.625,69.875,1.49,4.39,39.5,129.0,,4.16,,83,62.0,74.0,False,1912.8937515080167,3
57265,Austin Booker,2024,DE,2002-12-14,Kansas,Big Twelve Conference,5.0,9.0,144.0,DL,76.5,240,9.25,33.875,81.375,1.67,4.79,32.5,120.0,,,,52,73.0,68.0,False,488.69092155383737,1
57266,Kris Abrams-Draine,2024,CB,2001-10-04,Missouri,Southeastern Conference,5.0,10.0,145.0,DB,71.375,179,8.625,31.0,74.625,1.53,4.44,33.5,,,,,58,74.0,71.0,False,334.09129904309333,1
57267,Jarvis Brownlee,2024,CB,2001-07-13,Louisville,Atlantic Coast Conference,5.0,11.0,146.0,DB,70.375,194,9.0,31.25,75.25,,,,,,,,59,69.0,67.0,False,109.13729075894506,0
57270,Josh Newton,2024,CB,2000-09-14,Texas Christian,Big Twelve Conference,5.0,14.0,149.0,DB,70.625,190,9.25,31.125,74.25,1.55,4.51,34.0,124.0,7.01,4.15,15.0,67,66.0,69.0,False,790.6529412366193,1
57272,Jaylon Carlies,2024,MLB,2001-09-13,Missouri,Southeastern Conference,5.0,16.0,151.0,DB,74.75,227,10.0,34.25,80.625,1.54,4.5,32.5,125.0,,,20.0,75,67.0,71.0,True,334.09129904309333,1
57274,Deantre Prince,2024,CB,2000-10-12,Mississippi,Southeastern Conference,5.0,18.0,153.0,DB,72.0,183,8.5,30.75,73.75,1.47,4.38,34.5,125.0,,,,71,64.0,66.0,False,416.55270343167956,1
57277,Jamari Thrash,2024,WR,2000-12-19,Louisville,Atlantic Coast Conference,5.0,21.0,156.0,WR,71.75,188,8.625,31.0,74.5,1.54,4.46,34.0,120.0,7.16,,,68,73.0,73.0,False,109.13729075894506,0
57278,Chau Smith-Wade,2024,CB,2002-09-17,Washington State,Pacific Twelve Conference,5.0,22.0,157.0,DB,69.75,184,9.125,30.25,72.375,1.55,4.54,34.5,125.0,7.05,4.32,18.0,60,65.0,66.0,False,1620.874466395118,3
57279,Mohamed Kamara,2024,OLB,2000-06-09,Colorado State,Mountain West Conference,5.0,23.0,158.0,DL,73.375,248,8.625,32.375,78.5,1.58,4.57,34.5,123.0,,,23.0,72,80.0,73.0,False,998.762602895976,2
57282,Dominique Hampton,2024,SS,2000-07-25,Washington,Pacific Twelve Conference,5.0,26.0,161.0,DB,74.375,215,10.0,33.25,79.875,1.55,4.51,39.0,122.0,6.83,4.14,,84,56.0,68.0,False,1866.5939583950737,3
57283,Christian Jones,2024,T,2000-05-12,Texas,Big Twelve Conference,5.0,27.0,162.0,OL,77.25,305,10.625,34.5,83.625,1.78,5.04,,,8.09,4.78,20.0,75,66.0,69.0,False,924.2869662298524,1
57284,Jacob Monk,2024,C,2001-06-04,Duke,Atlantic Coast Conference,5.0,28.0,163.0,OL,75.0,308,10.0,32.375,79.0,1.66,5.09,29.5,108.0,,,,83,59.0,68.0,False,471.6901535475602,0
57285,Jaylin Simpson,2024,FS,2000-03-17,Auburn,Southeastern Conference,5.0,29.0,164.0,DB,71.625,179,9.875,32.375,76.625,1.51,4.45,39.5,133.0,,,,74,59.0,66.0,False,496.5743783931615,1
57289,Javon Solomon,2024,DE,2001-01-17,Troy,Sun Belt Conference,5.0,33.0,168.0,DL,72.875,246,10.75,33.875,80.25,1.66,4.72,37.0,119.0,,,23.0,69,79.0,73.0,False,550.159343513726,1
57291,Bub Means,2024,WR,2001-01-10,Pittsburgh,Atlantic Coast Conference,5.0,35.0,170.0,WR,73.0,212,10.125,33.25,79.375,1.55,4.43,39.5,122.0,,,19.0,79,62.0,72.0,False,331.1527583288667,0
57293,Trevor Keegan,2024,G,2000-08-30,Michigan,Big Ten Conference,5.0,37.0,172.0,OL,77.375,310,10.0,32.375,78.375,1.78,5.24,30.5,107.0,,,,72,63.0,68.0,False,215.05211938259401,0
57297,Walter Rouse,2024,T,2001-03-09,Oklahoma,Big Twelve Conference,6.0,1.0,177.0,OL,77.75,313,10.125,35.125,83.75,,,,,,,,72,57.0,66.0,False,693.2690876948159,1
57298,Logan Lee,2024,DT,2000-06-12,Iowa,Big Ten Conference,6.0,2.0,178.0,DL,77.375,281,10.25,32.25,78.875,1.77,5.05,31.5,114.0,7.16,4.37,25.0,72,61.0,67.0,False,311.3713474312092,1
57299,Sataoa Laumea,2024,T,2001-01-13,Utah,Pacific Twelve Conference,6.0,3.0,179.0,OL,76.25,319,9.875,32.875,80.75,,,26.0,104.0,,,26.0,78,60.0,72.0,True,1350.832949752014,2
57300,Marcellas Dial,2024,CB,2000-12-06,South Carolina,Southeastern Conference,6.0,4.0,180.0,DB,71.75,190,8.875,32.0,77.625,1.55,4.46,40.5,129.0,,,,73,63.0,66.0,False,488.81475941038514,0
57302,Jha'Quan Jackson,2024,WR,2000-05-15,Tulane,American Athletic Conference,6.0,6.0,182.0,WR,69.125,188,8.875,30.875,74.875,1.55,4.42,32.0,118.0,,,12.0,71,63.0,69.0,False,714.3726723739695,1
57304,Malik Washington,2024,WR,2000-10-20,Virginia,Atlantic Coast Conference,6.0,8.0,184.0,WR,68.5,191,9.25,30.375,72.875,1.53,4.47,42.5,126.0,,,19.0,77,76.0,78.0,False,428.46553971260215,0
57305,Johnny Wilson,2024,WR,2001-04-03,Florida State,Atlantic Coast Conference,6.0,9.0,185.0,WR,78.375,231,10.0,35.375,84.5,1.55,4.52,37.0,128.0,,4.11,,86,66.0,75.0,False,652.3638119548565,0
57309,Mekhi Wingo,2024,DT,2003-04-17,Louisiana State,Southeastern Conference,6.0,13.0,189.0,DL,72.25,284,9.25,32.0,77.875,1.64,4.85,31.5,109.0,,,25.0,86,70.0,74.0,False,705.010197311825,1
57310,Dylan McMahon,2024,C,2001-01-22,North Carolina State,Atlantic Coast Conference,6.0,14.0,190.0,OL,75.375,299,9.375,31.75,75.125,1.75,5.1,33.0,115.0,7.26,4.33,,86,57.0,65.0,True,492.0794769422376,0
57312,D.J. James,2024,CB,2001-03-05,Auburn,Southeastern Conference,6.0,16.0,192.0,DB,71.625,175,8.375,31.0,72.375,1.5,4.42,,,,,,69,72.0,74.0,False,496.5743783931615,1
57314,Tanner McLachlan,2024,TE,1999-03-15,Arizona,Big Twelve Conference,6.0,18.0,194.0,TE,77.125,244,9.375,31.625,77.25,1.58,4.61,35.0,117.0,,,,70,64.0,68.0,False,1474.0362274550605,2
57315,Ryan Watts,2024,SS,2001-11-07,Texas,Big Twelve Conference,6.0,19.0,195.0,DB,74.875,208,9.375,34.5,81.75,1.55,4.53,40.5,125.0,6.82,4.13,,76,59.0,68.0,False,924.2869662298524,1
57317,Zion Logue,2024,DT,2001-06-13,Georgia,Southeastern Conference,6.0,21.0,197.0,DL,77.625,314,10.0,33.5,80.25,1.82,5.14,29.0,109.0,,4.92,,56,54.0,56.0,False,430.05425639996514,0
57318,Patrick McMorris,2024,SS,2001-10-18,California,Pacific Twelve Conference,6.0,22.0,198.0,DB,72.125,207,9.75,31.875,77.125,,,31.0,112.0,,,14.0,58,64.0,63.0,True,1934.4078843833418,3
57330,Christian Mahogany,2024,G,2000-10-11,Boston College,Atlantic Coast Conference,6.0,34.0,210.0,OL,75.375,314,10.5,33.5,81.625,1.74,5.13,32.5,109.0,7.81,4.53,,88,71.0,80.0,False,800.2367677406744,0
57331,Kamal Hadden,2024,CB,2001-01-17,Tennessee,Southeastern Conference,6.0,35.0,211.0,DB,73.0,196,8.5,30.875,74.125,,,,,,,,64,73.0,72.0,False,289.8019248103057,0
57334,Cedric Johnson,2024,DE,2002-09-06,Mississippi,Southeastern Conference,6.0,38.0,214.0,DL,75.0,260,9.875,33.5,79.375,1.61,4.63,38.0,122.0,,,25.0,81,62.0,69.0,False,416.55270343167956,1
57335,Jarrett Kingston,2024,T,1999-12-02,Southern California,Big Ten Conference,6.0,39.0,215.0,OL,76.25,306,9.75,32.125,78.125,1.73,5.02,31.5,111.0,7.53,4.47,32.0,88,62.0,70.0,True,1808.453091502642,3
57336,Ryan Flournoy,2024,WR,1999-10-27,Southeast Missouri,Big South - Ohio Valley Conference,6.0,40.0,216.0,WR,72.75,202,10.125,31.625,76.125,1.53,4.44,39.5,132.0,,,19.0,84,73.0,75.0,False,248.264482698999,1
57337,Beaux Limmer,2024,C,2001-06-10,Arkansas,Southeastern Conference,6.0,41.0,217.0,OL,76.625,302,9.5,31.875,77.875,1.75,5.22,36.5,110.0,7.47,4.57,39.0,77,71.0,73.0,False,505.40678932934554,1
57339,Daequan Hardy,2024,CB,2001-06-13,Penn State,Big Ten Conference,6.0,43.0,219.0,DB,69.375,179,8.125,30.0,70.875,1.5,4.38,42.5,126.0,,,,76,57.0,65.0,False,443.3824954134609,0
57342,Javontae Jean-Baptiste,2024,OLB,2000-05-16,Notre Dame,Independent,7.0,2.0,222.0,DL,76.625,239,10.0,33.75,80.5,1.65,4.66,34.5,127.0,,,,64,62.0,61.0,False,134.47451498965336,0
57344,Daijahn Anthony,2024,FS,2000-09-09,Mississippi,Southeastern Conference,7.0,4.0,224.0,DB,72.0,195,9.0,32.5,76.375,1.51,4.55,37.0,116.0,,,,72,63.0,69.0,False,416.55270343167956,1
57345,Brenden Rice,2024,WR,2002-03-18,Southern California,Pacific Twelve Conference,7.0,5.0,225.0,WR,74.375,208,9.625,33.0,78.0,1.55,4.5,36.5,119.0,,,13.0,69,73.0,74.0,True,1808.453091502642,3
57347,Myles Harden,2024,CB,2001-12-13,South Dakota,Missouri Valley Football Conference,7.0,7.0,227.0,DB,70.875,195,9.375,29.875,74.0,1.62,4.5,35.5,118.0,6.88,3.98,13.0,70,62.0,70.0,True,596.1586888843023,1
57349,M.J. Devonshire,2024,CB,2000-09-12,Pittsburgh,Atlantic Coast Conference,7.0,9.0,229.0,DB,70.75,186,8.75,32.875,78.75,1.54,4.45,38.5,124.0,7.12,4.35,,68,66.0,68.0,False,331.1527583288667,0
57351,Jaheim Bell,2024,TE,2001-06-14,Florida State,Atlantic Coast Conference,7.0,11.0,231.0,TE,74.0,241,10.0,33.0,78.75,1.58,4.61,35.0,124.0,,,,78,67.0,72.0,False,652.3638119548565,0
57353,Nathan Thomas,2024,T,2001-08-22,Louisiana-Lafayette,Sun Belt Conference,7.0,13.0,233.0,OL,77.0,332,10.75,33.75,83.0,1.76,5.19,25.0,107.0,8.01,,,71,64.0,68.0,False,737.7206472824759,1
57355,Devaughn Vele,2024,WR,1997-12-12,Utah,Pacific Twelve Conference,7.0,15.0,235.0,WR,76.0,203,9.75,33.5,79.125,1.53,4.47,36.0,126.0,,,,75,59.0,68.0,False,1350.832949752014,2
57356,Myles Cole,2024,DE,2000-04-29,Texas Tech,Big Twelve Conference,7.0,16.0,236.0,DL,78.0,278,9.875,36.875,86.25,1.65,4.67,35.0,120.0,,,,75,55.0,66.0,False,967.8946036598624,1
57357,Matt Lee,2024,C,2001-06-06,Miami,Atlantic Coast Conference,7.0,17.0,237.0,OL,75.625,301,9.25,32.125,78.625,1.76,5.03,31.0,111.0,,,,76,73.0,71.0,False,1028.1467740891671,0
57358,Solomon Byrd,2024,DE,1999-12-01,Southern California,Pacific Twelve Conference,7.0,18.0,238.0,DL,74.875,255,9.75,33.625,79.875,,,,,,,,51,65.0,55.0,False,1808.453091502642,3
57361,Tahj Washington,2024,WR,2001-05-16,Southern California,Pacific Twelve Conference,7.0,21.0,241.0,WR,69.75,174,8.375,29.125,70.0,,,35.0,122.0,,,,61,69.0,65.0,False,1808.453091502642,3
57362,James Williams,2024,ILB,2003-02-15,Miami,Atlantic Coast Conference,7.0,22.0,242.0,DB,76.25,231,9.5,33.625,80.25,1.59,4.65,30.0,117.0,,,,59,66.0,66.0,False,1028.1467740891671,0
57364,Justin Rogers,2024,DT,2000-09-12,Auburn,Southeastern Conference,7.0,24.0,244.0,DL,74.5,330,10.125,33.0,79.0,,,24.5,99.0,,4.87,21.0,51,55.0,54.0,False,496.5743783931615,1
57366,Devin Culp,2024,TE,2000-02-02,Washington,Pacific Twelve Conference,7.0,26.0,246.0,TE,75.125,231,9.25,32.875,78.5,1.55,4.47,,,,,,71,63.0,65.0,False,1866.5939583950737,3
57367,Marcus Harris,2024,DT,2000-09-27,Auburn,Southeastern Conference,7.0,27.0,247.0,DL,74.375,286,9.625,32.0,78.25,1.77,5.06,29.5,103.0,,,27.0,61,66.0,63.0,False,496.5743783931615,1
57368,C.J. Hanson,2024,G,2001-03-03,Holy Cross,Patriot League,7.0,28.0,248.0,OL,77.0,300,9.375,32.375,78.375,1.76,5.0,33.5,115.0,,,,76,69.0,69.0,False,766.9398698580028,0
57372,Jaylen Harrell,2024,OLB,2002-05-01,Michigan,Big Ten Conference,7.0,32.0,252.0,DL,75.75,250,9.75,33.25,81.125,,,37.0,118.0,,,,71,62.0,66.0,False,215.05211938259401,0
57373,Cornelius Johnson,2024,WR,2000-11-29,Michigan,Big Ten Conference,7.0,33.0,253.0,WR,74.75,212,8.625,31.875,77.25,1.55,4.44,37.5,127.0,,,,83,59.0,72.0,False,215.05211938259401,0
57374,K.T. Leveston,2024,T,1999-10-28,Kansas State,Big Twelve Conference,7.0,34.0,254.0,OL,75.875,326,9.875,34.375,81.125,1.85,5.38,27.5,108.0,,4.89,25.0,69,56.0,65.0,False,556.7937523257848,1
57375,Kalen King,2024,CB,2003-01-28,Penn State,Big Ten Conference,7.0,35.0,255.0,DB,71.25,191,8.75,30.875,74.25,1.54,4.61,37.0,122.0,,4.16,,65,62.0,68.0,False,443.3824954134609,0
57376,Nick Gargiulo,2024,G,2000-07-19,South Carolina,Southeastern Conference,7.0,36.0,256.0,OL,77.375,318,10.375,33.875,81.25,1.78,5.25,32.5,101.0,7.33,,28.0,85,60.0,70.0,False,488.81475941038514,0
57377,Jaylen Key,2024,FS,2000-02-29,Alabama,Southeastern Conference,7.0,37.0,257.0,DB,72.75,208,9.625,32.25,78.5,1.59,4.6,36.5,130.0,,,,73,57.0,63.0,False,459.2515618168012,1
57434,Leonard Taylor,2024,DT,2002-05-29,Miami,Atlantic Coast Conference,,,,DL,75.5,303,9.0,33.875,80.625,1.76,5.12,30.0,109.0,7.81,,,68,72.0,69.0,False,1028.1467740891671,0
57598,Isaiah Johnson,2024,CB,2000-03-29,Syracuse,Atlantic Coast Conference,,,,DB,75.0,205,8.875,32.875,80.5,1.55,4.64,38.5,129.0,,,,70,62.0,67.0,False,566.5277117275062,0
57444,Garret Greenfield,2024,T,1999-09-20,South Dakota State,Missouri Valley Football Conference,,,,OL,77.75,311,9.75,33.5,83.125,1.77,5.22,38.5,113.0,7.76,4.85,,78,63.0,71.0,False,628.6990366817704,1
57654,Andrew Coker,2024,T,2001-03-23,Texas Christian,Big Twelve Conference,,,,OL,78.875,315,9.5,34.0,81.0,1.85,5.36,25.5,94.0,7.95,4.93,,52,60.0,60.0,True,790.6529412366193,1
57741,Dallin Holker,2024,TE,2000-04-07,Colorado State,Mountain West Conference,,,,TE,75.375,241,10.25,33.625,78.125,1.66,4.78,32.5,122.0,6.83,4.21,,69,73.0,72.0,False,998.762602895976,2
57428,Brady Latham,2024,G,2000-10-30,Arkansas,Southeastern Conference,,,,OL,77.25,304,9.5,32.75,77.875,1.8,5.31,29.0,110.0,7.57,4.47,,72,68.0,68.0,False,505.40678932934554,1
57743,Trajan Jeffcoat,2024,DE,1999-10-07,Arkansas,Southeastern Conference,,,,DL,75.875,266,10.125,32.75,79.5,1.66,4.69,31.5,120.0,,,21.0,68,59.0,61.0,False,505.40678932934554,1
57473,Fabien Lovett,2024,DT,1999-12-05,Florida State,Atlantic Coast Conference,,,,DL,75.875,314,10.375,35.5,83.125,,,,,,,,63,61.0,64.0,False,652.3638119548565,0
57678,Josh Proctor,2024,DB,1999-03-27,Ohio State,Big Ten Conference,,,,DB,73.5,199,8.75,32.0,78.0,1.54,4.55,32.5,121.0,,,,67,58.0,64.0,False,166.993650608601,0
57599,Matthew Jones,2024,G,1999-06-13,Ohio State,Big Ten Conference,,,,OL,75.5,316,9.0,32.625,80.5,1.87,5.21,28.0,103.0,8.19,,,69,69.0,68.0,False,166.993650608601,0
57389,Ryan Cooper,2024,CB,2001-08-31,Oregon State,Pacific Twelve Conference,,,,DB,71.25,184,8.75,30.5,71.625,,,,,,,,51,64.0,58.0,False,1912.8937515080167,3
57738,Millard Bradford,2024,FS,1999-09-24,Texas Christian,Big Twelve Conference,,,,DB,70.5,191,9.0,31.25,72.5,1.55,4.42,38.5,124.0,,,15.0,73,54.0,61.0,False,790.6529412366193,1
57581,Keaton Bills,2024,G,1998-05-22,Utah,Pacific Twelve Conference,,,,OL,76.5,321,10.0,32.5,79.5,1.9,5.38,29.5,101.0,7.95,4.9,24.0,68,57.0,65.0,False,1350.832949752014,2
57628,Javion Cohen,2024,G,2002-08-08,Miami,Atlantic Coast Conference,,,,OL,76.375,324,9.875,34.0,80.5,,,26.5,104.0,,,22.0,66,62.0,65.0,False,1028.1467740891671,0
57687,Frank Crum,2024,T,2000-05-14,Wyoming,Mountain West Conference,,,,OL,80.25,313,10.5,33.875,82.0,1.69,4.94,31.5,114.0,7.39,4.73,22.0,86,59.0,70.0,False,1023.0829253324544,2
57911,Josh Wallace,2024,CB,2000-07-05,Michigan,Big Ten Conference,,,,DB,71.125,185,8.875,31.375,75.625,,,34.5,120.0,,4.35,13.0,51,61.0,59.0,False,215.05211938259401,0
57409,Gabe Hall,2024,DT,2001-01-12,Baylor,Big Twelve Conference,,,,DL,78.0,291,9.5,34.5,83.625,1.72,5.03,31.5,115.0,7.65,4.67,,66,63.0,65.0,False,835.3212402751026,1
57874,Trey Knox,2024,TE,2001-08-14,South Carolina,Southeastern Conference,,,,TE,75.0,240,9.375,34.25,78.75,,,32.5,121.0,7.09,4.54,,64,75.0,69.0,False,488.81475941038514,0
57721,Demani Richardson,2024,FS,2000-10-07,Texas A&M,Southeastern Conference,,,,DB,72.5,210,9.875,32.0,77.125,1.54,4.6,31.0,116.0,,,,57,58.0,60.0,False,852.5615735313211,1
57637,Myles Murphy,2024,DT,2001-11-27,North Carolina,Atlantic Coast Conference,,,,DL,76.125,309,9.75,33.875,79.0,1.82,5.2,28.5,106.0,,4.81,,58,56.0,58.0,False,470.70305178088427,0
57441,Nelson Ceaser,2024,DE,2001-06-03,Houston,Big Twelve Conference,,,,DL,74.75,254,10.25,33.625,79.625,,,31.0,,7.3,4.57,22.0,51,68.0,63.0,False,866.5597334093129,1
57408,Anim Dankwah,2024,T,2000-10-19,Howard,Mid-Eastern Athletic Conference,,,,OL,79.75,353,9.75,35.125,85.5,1.77,,27.5,,,,24.0,57,57.0,62.0,False,491.8401656040311,0
57565,Isaiah Williams,2024,WR,2001-01-29,Illinois,Big Ten Conference,,,,WR,69.25,182,9.125,30.125,72.75,1.59,4.63,38.0,123.0,6.75,,17.0,61,66.0,62.0,False,111.8393496132976,1
57411,Andre' Sam,2024,FS,1999-02-09,Louisiana State,Southeastern Conference,,,,DB,70.875,191,9.25,30.0,73.375,1.55,4.59,36.0,123.0,,,,64,60.0,63.0,True,705.010197311825,1
57649,Brevyn Spann-Ford,2024,TE,1999-12-27,Minnesota,Big Ten Conference,,,,TE,78.5,260,10.25,33.375,80.0,1.67,4.77,31.5,116.0,7.38,,,63,59.0,64.0,False,509.3397530660448,1
57406,Gottlieb Ayedze,2024,T,2000-04-10,Maryland,Big Ten Conference,,,,OL,76.125,308,9.875,33.0,80.625,1.72,5.01,26.5,112.0,,,21.0,82,62.0,72.0,True,495.1891554953855,0
57824,Marcus Rosemy-Jacksaint,2024,WR,2002-01-08,Georgia,Southeastern Conference,,,,WR,73.125,195,10.0,33.0,77.75,,,35.0,119.0,,,,51,56.0,54.0,False,430.05425639996514,0
57577,Keith Randolph,2024,DT,2001-09-01,Illinois,Big Ten Conference,,,,DL,75.5,296,9.875,32.75,80.25,1.78,5.15,28.5,105.0,,,,58,66.0,62.0,False,111.8393496132976,1
57863,Drake Nugent,2024,C,2001-02-09,Michigan,Big Ten Conference,,,,OL,73.5,298,9.0,33.0,78.25,1.83,5.23,29.5,101.0,7.33,4.5,25.0,79,73.0,71.0,False,215.05211938259401,0
57606,Jalen Coker,2024,WR,2001-10-30,Holy Cross,Patriot League,,,,WR,73.375,208,9.875,32.875,76.75,1.52,4.57,42.5,128.0,,,,81,73.0,75.0,False,766.9398698580028,0
57877,Dwight McGlothern,2024,CB,2002-02-06,Arkansas,Southeastern Conference,,,,DB,73.625,185,8.625,30.5,74.875,1.5,4.47,32.0,115.0,,,,57,69.0,65.0,False,505.40678932934554,1
57478,Christian Roland-Wallace,2024,CB,2001-11-23,Southern California,Pacific Twelve Conference,,,,DB,71.5,201,9.0,32.5,77.0,,,,,,,17.0,59,63.0,62.0,False,1808.453091502642,3
57436,Eric Watts,2024,DE,2000-10-01,Connecticut,Independent,,,,DL,77.625,274,9.75,35.75,84.375,1.65,4.67,36.5,117.0,7.59,4.73,21.0,75,58.0,65.0,False,740.4693157394144,0
57796,Karsen Barnhart,2024,T,2001-03-02,Michigan,Big Ten Conference,,,,OL,76.5,306,9.875,33.375,81.25,1.76,5.21,29.5,111.0,7.83,4.7,,70,53.0,56.0,False,215.05211938259401,0
57660,Lideatrick Griffin,2024,WR,2001-01-23,Mississippi State,Southeastern Conference,,,,WR,70.0,181,9.125,30.625,72.75,1.55,4.43,35.5,124.0,7.0,4.35,,71,62.0,66.0,False,459.2842025642678,1
57854,Charles Turner,2024,C,2001-06-14,Louisiana State,Southeastern Conference,,,,OL,75.625,303,9.375,34.0,83.25,,,31.0,109.0,7.88,4.62,,54,66.0,61.0,False,705.010197311825,1
58206,Will Campbell,2025,T,2004-01-06,Louisiana State,Southeastern Conference,1.0,4.0,4.0,OL,77.875,319,9.5,32.625,77.375,1.76,4.98,32.0,113.0,,,,86,78.0,82.0,False,705.010197311825,1
58209,Armand Membou,2025,T,2004-03-27,Missouri,Southeastern Conference,1.0,7.0,7.0,OL,76.25,332,9.75,33.5,82.0,1.74,4.91,34.0,115.0,,,31.0,89,83.0,87.0,False,334.09129904309333,1
58211,Kelvin Banks,2025,T,2004-03-10,Texas,Southeastern Conference,1.0,9.0,9.0,OL,77.125,315,10.375,33.5,84.375,1.79,5.16,32.0,104.0,7.81,4.66,,75,83.0,84.0,False,924.2869662298524,1
58214,Tyler Booker,2025,G,2004-04-12,Alabama,Southeastern Conference,1.0,12.0,12.0,OL,76.625,321,11.0,34.5,83.5,1.96,5.38,27.0,94.0,7.96,4.84,21.0,60,77.0,75.0,False,459.2515618168012,1
58220,Grey Zabel,2025,G,2002-03-30,North Dakota State,Missouri Valley Football Conference,1.0,18.0,18.0,OL,77.875,312,9.5,32.0,77.5,,,36.5,111.0,,,26.0,85,85.0,85.0,False,726.1822464998551,1
58226,Donovan Jackson,2025,G,2002-12-04,Ohio State,Big Ten Conference,1.0,24.0,24.0,OL,75.625,315,9.875,33.5,83.75,,,,,,,,76,70.0,76.0,False,166.993650608601,0
58229,Malaki Starks,2025,FS,2003-11-13,Georgia,Southeastern Conference,1.0,27.0,27.0,DB,72.875,197,9.5,31.625,78.375,1.51,4.5,33.0,,7.26,4.45,,66,76.0,79.0,False,430.05425639996514,0
58230,Tyleik Williams,2025,DT,2003-02-25,Ohio State,Big Ten Conference,1.0,28.0,28.0,DL,74.875,334,10.25,32.0,78.625,,,,,,,,85,80.0,81.0,False,166.993650608601,0
58231,Josh Conerly,2025,T,2003-11-05,Oregon,Big Ten Conference,1.0,29.0,29.0,OL,76.625,311,10.375,33.5,82.25,1.71,5.05,34.5,103.0,,,,81,77.0,80.0,False,1904.7316491408012,3
58232,Maxwell Hairston,2025,CB,2003-08-06,Kentucky,Southeastern Conference,1.0,30.0,30.0,DB,71.25,183,8.75,31.0,76.625,1.5,4.28,39.5,129.0,,,,86,72.0,80.0,False,149.14377006212095,0
58239,Jayden Higgins,2025,WR,2002-12-15,Iowa State,Big Twelve Conference,2.0,2.0,34.0,WR,76.125,214,9.125,33.125,80.0,1.53,4.47,39.0,128.0,,,,85,80.0,83.0,False,420.84085659563664,1
58242,Jonah Savaiinaea,2025,G,2004-01-13,Arizona,Big Twelve Conference,2.0,5.0,37.0,OL,76.125,324,10.25,33.875,82.25,1.72,4.95,29.0,106.0,,4.66,,82,69.0,76.0,False,1474.0362274550605,2
58244,Luther Burden,2025,WR,2003-12-12,Missouri,Southeastern Conference,2.0,7.0,39.0,WR,72.0,206,8.5,31.25,76.5,1.54,4.41,,,,,,81,81.0,90.0,False,334.09129904309333,1
58247,Mason Taylor,2025,TE,2004-05-08,Louisiana State,Southeastern Conference,2.0,10.0,42.0,TE,77.125,251,10.0,32.25,78.75,,,,,,,,75,77.0,78.0,False,705.010197311825,1
58248,Alfred Collins,2025,DT,2001-10-08,Texas,Southeastern Conference,2.0,11.0,43.0,DL,77.625,332,10.0,34.625,85.0,,,26.0,96.0,,,,74,76.0,77.0,True,924.2869662298524,1
58249,Donovan Ezeiruaku,2025,DE,2003-09-25,Boston College,Atlantic Coast Conference,2.0,12.0,44.0,DL,74.5,248,9.25,34.0,82.75,,,35.5,119.0,6.94,4.19,22.0,80,90.0,82.0,False,800.2367677406744,0
58251,Terrance Ferguson,2025,TE,2003-03-07,Oregon,Big Ten Conference,2.0,14.0,46.0,TE,77.375,247,9.25,32.875,80.125,1.55,4.63,39.0,122.0,,,,79,69.0,75.0,False,1904.7316491408012,3
58253,Aireontae Ersery,2025,T,2002-02-19,Minnesota,Big Ten Conference,2.0,16.0,48.0,OL,78.0,331,9.5,33.125,80.875,1.75,5.01,29.5,111.0,7.81,4.82,25.0,82,69.0,77.0,True,509.3397530660448,1
58256,Nic Scourton,2025,OLB,2004-08-25,Texas A&M,Southeastern Conference,2.0,19.0,51.0,DL,74.75,257,10.0,33.0,80.875,,,,,,,,71,76.0,76.0,False,852.5615735313211,1
58257,Oluwafemi Oladejo,2025,OLB,2003-09-20,UCLA,Big Ten Conference,2.0,20.0,52.0,DL,75.25,259,9.75,33.375,82.125,,,36.5,120.0,,,20.0,76,67.0,70.0,False,1815.7444459177334,3
58259,Anthony Belton,2025,T,2001-02-23,North Carolina State,Atlantic Coast Conference,2.0,22.0,54.0,OL,78.0,335,10.25,33.875,83.125,1.82,5.26,29.5,107.0,7.77,,,72,75.0,75.0,False,492.0794769422376,0
58261,Ozzy Trapilo,2025,T,2001-10-17,Boston College,Atlantic Coast Conference,2.0,24.0,56.0,OL,80.125,316,10.375,33.0,81.0,1.77,5.21,,106.0,7.71,4.7,22.0,73,67.0,73.0,False,800.2367677406744,0
58262,Tate Ratledge,2025,G,2001-04-26,Georgia,Southeastern Conference,2.0,25.0,57.0,OL,78.5,308,10.375,32.25,79.25,1.72,4.97,32.0,113.0,7.38,,,99,72.0,83.0,True,430.05425639996514,0
58263,Jack Bech,2025,WR,2002-12-18,Texas Christian,Big Twelve Conference,2.0,26.0,58.0,WR,73.25,214,9.0,31.5,75.0,,,34.5,125.0,6.84,4.21,19.0,75,71.0,77.0,False,790.6529412366193,1
58266,Trey Amos,2025,CB,2002-03-03,Mississippi,Southeastern Conference,2.0,29.0,61.0,DB,72.75,195,9.0,31.25,77.75,1.6,4.43,32.5,126.0,,,13.0,71,67.0,74.0,True,416.55270343167956,1
58270,Darius Alexander,2025,DT,2000-08-26,Toledo,Mid-American Conference,3.0,1.0,65.0,DL,75.875,305,10.0,34.0,82.875,1.72,4.95,31.5,111.0,7.6,4.79,28.0,83,74.0,79.0,False,187.15332788001598,0
58271,Ashton Gillotte,2025,DE,2002-10-30,Louisville,Atlantic Coast Conference,3.0,2.0,66.0,DL,74.625,264,8.5,31.875,78.625,,,36.5,120.0,,,24.0,88,71.0,76.0,False,109.13729075894506,0
58272,Harold Fannin,2025,TE,2004-07-20,Bowling Green,Mid-American Conference,3.0,3.0,67.0,TE,75.25,241,9.25,32.25,79.25,1.56,4.71,34.0,118.0,6.97,4.39,22.0,74,83.0,81.0,False,173.45911276371413,0
58273,Darien Porter,2025,CB,2001-01-06,Iowa State,Big Twelve Conference,3.0,4.0,68.0,DB,74.875,195,9.0,33.125,80.0,1.49,4.3,36.5,131.0,6.71,4.04,,97,65.0,81.0,True,420.84085659563664,1
58274,Kyle Williams,2025,WR,2002-11-13,Washington State,Pacific Twelve Conference,3.0,5.0,69.0,WR,70.625,190,8.75,30.125,73.0,1.55,4.4,36.5,119.0,,,,77,77.0,76.0,False,1620.874466395118,3
58275,Isaac TeSlaa,2025,WR,2002-02-20,Arkansas,Southeastern Conference,3.0,6.0,70.0,WR,75.625,214,10.0,31.125,76.75,1.51,4.43,39.5,129.0,6.85,4.05,17.0,96,55.0,72.0,True,505.40678932934554,1
58277,Landon Jackson,2025,DE,2003-01-02,Arkansas,Southeastern Conference,3.0,8.0,72.0,DL,78.0,264,10.0,33.25,83.625,1.65,4.68,40.5,129.0,,,,82,72.0,78.0,False,505.40678932934554,1
58278,Azareye'h Thomas,2025,CB,2004-07-06,Florida State,Atlantic Coast Conference,3.0,9.0,73.0,DB,73.5,197,10.0,32.375,78.0,,,,122.0,,,,66,72.0,74.0,False,652.3638119548565,0
58279,Pat Bryant,2025,WR,2002-12-10,Illinois,Big Ten Conference,3.0,10.0,74.0,WR,74.25,204,9.5,31.125,78.0,1.56,4.61,37.5,124.0,,,,65,72.0,70.0,False,111.8393496132976,1
58282,Princely Umanmielen,2025,OLB,2002-04-18,Mississippi,Southeastern Conference,3.0,13.0,77.0,DL,76.375,244,9.625,33.875,82.125,1.62,4.72,38.0,126.0,7.33,4.46,,71,81.0,76.0,False,416.55270343167956,1
58283,Jordan Burch,2025,OLB,2001-10-10,Oregon,Big Ten Conference,3.0,14.0,78.0,DL,76.125,279,9.5,33.0,79.375,1.66,4.67,,,,,,79,71.0,75.0,False,1904.7316491408012,3
58284,Jaylin Noel,2025,WR,2002-09-04,Iowa State,Big Twelve Conference,3.0,15.0,79.0,WR,70.25,194,8.75,29.5,73.75,1.51,4.39,41.5,134.0,6.82,4.17,23.0,92,70.0,80.0,False,420.84085659563664,1
58286,Dylan Fairchild,2025,G,2003-05-08,Georgia,Southeastern Conference,3.0,17.0,81.0,OL,77.25,318,10.0,33.0,80.75,,,27.5,111.0,,,,82,75.0,77.0,False,430.05425639996514,0
58290,Nohl Williams,2025,CB,2002-09-23,California,Atlantic Coast Conference,3.0,21.0,85.0,DB,72.375,199,9.0,30.75,75.5,1.54,4.5,33.5,120.0,,,19.0,65,78.0,74.0,False,1934.4078843833418,3
58293,Caleb Ransaw,2025,FS,2002-12-22,Tulane,American Athletic Conference,3.0,24.0,88.0,DB,71.375,197,9.75,30.75,75.625,1.52,4.33,40.0,129.0,,,16.0,93,55.0,73.0,False,714.3726723739695,1
58294,Wyatt Milum,2025,G,2002-12-27,West Virginia,Big Twelve Conference,3.0,25.0,89.0,OL,78.5,313,10.25,32.125,79.5,1.84,5.27,30.0,108.0,,4.69,,74,78.0,77.0,False,330.0787223444916,0
58296,Emery Jones,2025,G,2004-03-05,Louisiana State,Southeastern Conference,3.0,27.0,91.0,OL,77.25,315,10.75,34.25,81.5,,,,,,,,78,61.0,73.0,False,705.010197311825,1
58298,Jonas Sanker,2025,SS,2002-11-23,Virginia,Atlantic Coast Conference,3.0,29.0,93.0,DB,72.375,206,9.75,32.25,77.625,1.51,4.48,36.5,128.0,,,12.0,73,67.0,71.0,False,428.46553971260215,0
58300,Jared Wilson,2025,G,2003-06-05,Georgia,Southeastern Conference,3.0,31.0,95.0,OL,75.0,310,10.75,32.375,80.0,1.72,4.84,32.0,112.0,,4.56,,97,84.0,83.0,False,430.05425639996514,0
58302,Jaylin Smith,2025,CB,2003-11-05,Southern California,Big Ten Conference,3.0,33.0,97.0,DB,70.5,187,9.25,29.875,75.25,1.6,4.45,32.5,122.0,,,,67,67.0,66.0,False,1808.453091502642,3
58303,Caleb Rogers,2025,G,2001-10-03,Texas Tech,Big Twelve Conference,3.0,34.0,98.0,OL,76.625,312,9.75,32.375,79.0,1.78,5.1,34.0,111.0,7.43,4.49,,88,54.0,63.0,False,967.8946036598624,1
58305,Upton Stout,2025,CB,2002-01-09,Western Kentucky,Conference USA,3.0,36.0,100.0,DB,68.5,181,9.0,30.0,74.375,1.51,4.44,37.5,128.0,,4.29,21.0,73,64.0,68.0,False,192.344859355166,1
58307,Tai Felton,2025,WR,2003-03-15,Maryland,Big Ten Conference,3.0,38.0,102.0,WR,73.125,183,9.0,30.0,72.375,1.51,4.37,39.5,130.0,,,,87,71.0,77.0,False,495.1891554953855,0
58308,Chimere Dike,2025,WR,2001-12-14,Florida,Southeastern Conference,4.0,1.0,103.0,WR,72.625,196,9.125,32.125,76.875,1.51,4.34,38.5,128.0,6.82,4.27,,90,60.0,73.0,False,731.5048588635136,0
58311,Craig Woodson,2025,SS,2001-02-20,California,Atlantic Coast Conference,4.0,4.0,106.0,DB,72.125,200,8.75,30.5,75.25,1.53,4.45,36.0,127.0,,,13.0,78,60.0,68.0,False,1934.4078843833418,3
58313,Dont'e Thornton,2025,WR,2002-11-30,Tennessee,Southeastern Conference,4.0,6.0,108.0,WR,76.625,205,9.625,32.125,79.0,1.51,4.3,33.0,126.0,,,,88,66.0,74.0,False,289.8019248103057,0
58314,Deone Walker,2025,DT,2004-03-11,Kentucky,Southeastern Conference,4.0,7.0,109.0,DL,79.375,331,10.625,34.25,84.125,,,25.0,104.0,,,,51,77.0,70.0,False,149.14377006212095,0
58315,Arian Smith,2025,WR,2001-10-11,Georgia,Southeastern Conference,4.0,8.0,110.0,WR,72.125,179,9.0,31.25,77.0,1.51,4.36,38.0,127.0,6.82,4.19,,86,64.0,73.0,True,430.05425639996514,0
58316,Ty Robinson,2025,DT,2001-05-03,Nebraska,Big Ten Conference,4.0,9.0,111.0,DL,77.125,288,10.0,32.25,79.0,1.71,4.83,33.5,119.0,7.58,4.5,28.0,83,70.0,75.0,False,559.7763526092813,1
58318,C.J. West,2025,DT,2002-06-12,Indiana,Big Ten Conference,4.0,11.0,113.0,DL,73.125,316,9.75,31.5,79.125,1.73,4.95,33.0,,,,,89,64.0,74.0,False,45.41898272561025,0
58323,Billy Bowman,2025,CB,2003-01-29,Oklahoma,Southeastern Conference,4.0,16.0,118.0,DB,69.875,192,8.625,28.5,70.75,1.52,4.42,35.5,123.0,,,17.0,75,66.0,68.0,False,693.2690876948159,1
58325,Gunnar Helm,2025,TE,2002-09-06,Texas,Southeastern Conference,4.0,18.0,120.0,TE,77.0,241,9.875,32.75,79.5,1.69,4.84,30.0,,7.15,4.4,,56,79.0,73.0,False,924.2869662298524,1
58326,David Walker,2025,OLB,2000-06-03,Central Arkansas,United Athletic Conference,4.0,19.0,121.0,DL,72.875,263,9.25,31.875,77.5,1.65,4.69,35.0,118.0,7.15,4.39,26.0,78,83.0,78.0,False,473.0364333628946,1
58327,Lathan Ransom,2025,SS,2002-07-16,Ohio State,Big Ten Conference,4.0,20.0,122.0,DB,72.25,206,8.5,30.5,75.125,,,,,,,,67,68.0,71.0,False,166.993650608601,0
58328,Jack Sawyer,2025,OLB,2002-05-06,Ohio State,Big Ten Conference,4.0,21.0,123.0,DL,76.25,260,9.75,31.75,77.125,,,,,,,,81,72.0,78.0,False,166.993650608601,0
58329,Barryn Sorrell,2025,DE,2002-12-22,Texas,Southeastern Conference,4.0,22.0,124.0,DL,75.25,256,9.25,32.25,77.875,1.65,4.68,34.0,121.0,7.06,4.36,28.0,79,63.0,70.0,False,924.2869662298524,1
58330,Kyle Kennard,2025,OLB,2001-12-12,South Carolina,Southeastern Conference,4.0,23.0,125.0,DL,76.0,254,9.75,34.0,81.5,1.63,4.73,,,,,23.0,73,77.0,74.0,False,488.81475941038514,0
58332,Jalen Travis,2025,T,2002-04-19,Iowa State,Big Twelve Conference,4.0,25.0,127.0,OL,79.75,339,10.5,34.875,83.5,1.8,5.14,35.0,112.0,,,26.0,78,66.0,71.0,False,420.84085659563664,1
58333,Jaylin Lane,2025,WR,2002-05-01,Virginia Tech,Atlantic Coast Conference,4.0,26.0,128.0,WR,69.75,191,9.875,31.75,77.25,1.5,4.34,40.0,132.0,6.75,4.12,14.0,95,63.0,76.0,False,356.21861318039345,0
58336,Quincy Riley,2025,CB,2001-05-26,Louisville,Atlantic Coast Conference,4.0,29.0,131.0,DB,70.625,194,8.5,31.0,75.0,1.54,4.48,,,,,,73,70.0,74.0,False,109.13729075894506,0
58338,Jalen Royals,2025,WR,2003-02-18,Utah State,Mountain West Conference,4.0,31.0,133.0,WR,72.0,205,9.5,30.125,73.75,1.49,4.42,,,,,13.0,87,79.0,84.0,True,1344.304035314703,2
58340,Tonka Hemingway,2025,DT,2001-10-31,South Carolina,Southeastern Conference,4.0,33.0,135.0,DL,74.875,284,9.0,33.0,80.75,,,32.0,112.0,7.36,4.48,,81,63.0,69.0,False,488.81475941038514,0
58341,Elic Ayomanor,2025,WR,2003-06-03,Stanford,Atlantic Coast Conference,4.0,34.0,136.0,WR,73.75,206,10.0,32.375,78.375,1.58,4.44,38.5,127.0,,,,83,71.0,78.0,False,1938.0137626903318,3
58342,Joshua Farmer,2025,DT,2003-01-17,Florida State,Atlantic Coast Conference,4.0,35.0,137.0,DL,75.25,305,10.25,35.0,83.375,1.77,5.11,29.0,112.0,,,26.0,69,69.0,68.0,False,652.3638119548565,0
58343,Jordan Watkins,2025,WR,2002-02-15,Mississippi,Southeastern Conference,4.0,36.0,138.0,WR,71.25,196,9.125,29.375,72.5,1.53,4.37,36.5,119.0,,,,80,66.0,72.0,True,416.55270343167956,1
58344,Tyrion Ingram-Dawkins,2025,DE,2003-06-26,Georgia,Southeastern Conference,5.0,1.0,139.0,DL,76.75,276,9.75,33.5,82.75,1.69,4.86,36.0,124.0,7.28,4.34,,85,63.0,71.0,False,430.05425639996514,0
58345,Cam Jackson,2025,DT,2002-08-08,Florida,Southeastern Conference,5.0,2.0,140.0,DL,78.25,328,9.5,34.125,81.875,1.81,5.17,24.5,93.0,,,,51,63.0,59.0,False,731.5048588635136,0
58346,Carson Vinson,2025,T,2001-11-13,Alabama A&M,Southwestern Athletic Conference,5.0,3.0,141.0,OL,79.125,314,10.25,34.5,84.375,1.8,5.12,28.5,111.0,7.51,,,74,65.0,69.0,False,344.53692445422377,1
58348,Jordan Phillips,2025,DT,2004-06-30,Maryland,Big Ten Conference,5.0,5.0,143.0,DL,73.625,312,9.75,31.5,79.125,,,31.0,108.0,8.19,4.65,29.0,74,63.0,67.0,False,495.1891554953855,0
58350,Mac McWilliams,2025,CB,2001-11-29,Central Florida,Big Twelve Conference,5.0,7.0,145.0,DB,70.25,191,8.375,29.875,72.625,1.52,4.41,34.0,,,,,76,63.0,71.0,False,821.1040491721448,0
58351,Bradyn Swinson,2025,OLB,2002-07-04,Louisiana State,Southeastern Conference,5.0,8.0,146.0,DL,75.625,255,9.875,33.375,81.25,,,,,7.13,4.33,,73,73.0,70.0,False,705.010197311825,1
58353,Ty Hamilton,2025,NT,2002-04-15,Ohio State,Big Ten Conference,5.0,10.0,148.0,DL,74.875,299,10.125,32.25,78.625,,,,,,,,83,68.0,70.0,False,166.993650608601,0
58358,Jalen Rivers,2025,G,2002-09-12,Miami,Atlantic Coast Conference,5.0,17.0,153.0,OL,77.75,319,10.0,34.875,83.875,1.85,5.29,,108.0,,,23.0,71,69.0,72.0,False,1028.1467740891671,0
58359,Marcus Mbow,2025,T,2003-04-02,Purdue,Big Ten Conference,5.0,18.0,154.0,OL,76.125,303,10.5,32.0,80.0,,,,,,4.67,,73,68.0,74.0,False,60.86521466879709,0
58360,Dante Trader,2025,FS,2003-02-13,Maryland,Big Ten Conference,5.0,19.0,155.0,DB,70.875,196,8.875,31.25,75.125,,,31.0,117.0,7.09,4.32,12.0,53,57.0,55.0,False,495.1891554953855,0
58362,Elijah Roberts,2025,DE,2001-12-24,Southern Methodist,Atlantic Coast Conference,5.0,21.0,157.0,DL,75.625,285,10.25,33.625,82.5,1.67,4.78,31.5,116.0,,,,73,69.0,69.0,False,759.4912760345302,1
58363,KeAndre Lambert-Smith,2025,WR,2001-10-16,Auburn,Southeastern Conference,5.0,22.0,158.0,WR,72.75,190,9.125,32.625,78.625,1.53,4.37,34.5,124.0,,,,86,66.0,73.0,False,496.5743783931615,1
58365,Marques Sigle,2025,SS,2002-07-18,Kansas State,Big Twelve Conference,5.0,24.0,160.0,DB,71.375,199,9.25,30.75,74.0,1.5,4.37,38.0,130.0,,,,85,66.0,71.0,False,556.7937523257848,1
58368,Mitchell Evans,2025,TE,2003-03-18,Notre Dame,Independent,5.0,27.0,163.0,TE,77.375,258,9.5,31.875,77.0,1.55,4.74,31.0,115.0,7.25,4.4,,70,66.0,71.0,False,134.47451498965336,0
58369,Yahya Black,2025,DT,2002-04-21,Iowa,Big Ten Conference,5.0,28.0,164.0,DL,77.75,336,10.25,35.0,83.875,1.88,5.39,25.5,101.0,7.63,4.72,,55,61.0,62.0,False,311.3713474312092,1
58370,Oronde Gadsden,2025,TE,2003-06-25,Syracuse,Atlantic Coast Conference,5.0,29.0,165.0,TE,76.625,243,10.0,33.375,81.625,,,34.0,114.0,,,,71,76.0,71.0,True,566.5277117275062,0
58373,Drew Kendall,2025,C,2001-11-27,Boston College,Atlantic Coast Conference,5.0,32.0,168.0,OL,76.25,308,9.625,31.75,77.5,1.79,5.05,,,7.56,4.51,20.0,85,71.0,74.0,False,800.2367677406744,0
58374,Zah Frazier,2025,CB,2000-10-05,Texas-San Antonio,American Athletic Conference,5.0,33.0,169.0,DB,74.875,186,8.25,32.875,80.125,1.51,4.36,36.5,126.0,7.0,4.26,,78,63.0,71.0,True,995.7489963713515,1
58375,Jordan Hancock,2025,FS,2003-08-12,Ohio State,Big Ten Conference,5.0,34.0,170.0,DB,72.125,195,8.625,30.75,76.125,,,,,,,,84,59.0,72.0,False,166.993650608601,0
58376,Miles Frazier,2025,G,2001-09-12,Louisiana State,Southeastern Conference,5.0,35.0,171.0,OL,77.625,317,9.0,32.75,81.25,1.79,5.24,31.0,108.0,,,27.0,78,66.0,73.0,False,705.010197311825,1
58378,Jackson Hawes,2025,TE,2000-12-06,Georgia Tech,Atlantic Coast Conference,5.0,37.0,173.0,TE,76.5,253,9.125,32.125,79.0,1.56,4.82,34.5,121.0,,4.4,16.0,69,65.0,70.0,False,424.88242337509416,0
58379,Denzel Burke,2025,CB,2002-11-10,Ohio State,Big Ten Conference,5.0,38.0,174.0,DB,71.25,186,8.75,31.375,77.125,1.5,4.48,,,,,,67,69.0,70.0,False,166.993650608601,0
58380,Robbie Ouzts,2025,FB,2002-09-06,Alabama,Southeastern Conference,5.0,39.0,175.0,TE,75.0,274,9.75,31.25,78.25,1.64,4.91,34.0,119.0,7.34,4.45,26.0,71,60.0,66.0,False,459.2515618168012,1
58381,Tyler Baron,2025,DE,2001-10-22,Miami,Atlantic Coast Conference,5.0,40.0,176.0,DL,76.625,258,10.0,33.125,80.25,1.61,4.62,35.5,121.0,,,19.0,72,69.0,70.0,False,1028.1467740891671,0
58382,Dorian Strong,2025,CB,2002-03-14,Virginia Tech,Atlantic Coast Conference,6.0,1.0,177.0,DB,73.0,185,9.25,30.875,76.125,1.55,4.5,36.0,116.0,,,15.0,60,62.0,67.0,False,356.21861318039345,0
58383,Bilhal Kone,2025,CB,2002-03-03,Western Michigan,Mid-American Conference,6.0,2.0,178.0,DB,73.25,190,9.0,30.875,75.5,1.54,4.43,31.5,124.0,,,,72,60.0,65.0,False,176.64979461074225,0
58392,Jaylen Reed,2025,SS,2003-01-29,Penn State,Big Ten Conference,6.0,11.0,187.0,DB,71.625,211,9.0,30.375,74.25,1.51,4.49,33.5,,,,19.0,77,60.0,68.0,False,443.3824954134609,0
58395,Tim Smith,2025,DT,2002-08-09,Alabama,Southeastern Conference,6.0,14.0,190.0,DL,76.375,302,10.375,33.0,81.625,,,,,,,,51,57.0,54.0,False,459.2515618168012,1
58396,Myles Hinton,2025,T,2002-01-09,Michigan,Big Ten Conference,6.0,15.0,191.0,OL,78.75,323,10.25,34.125,82.75,,,31.5,,,4.96,,69,57.0,64.0,False,215.05211938259401,0
58401,Ahmed Hassanein,2025,DE,2002-07-10,Boise State,Mountain West Conference,6.0,20.0,196.0,DL,74.375,267,9.0,32.25,78.75,1.7,4.77,32.5,113.0,,,27.0,72,70.0,64.0,False,1563.71428419133,2
58403,Warren Brinson,2025,DT,2002-02-04,Georgia,Southeastern Conference,6.0,22.0,198.0,DL,77.25,315,10.375,33.5,80.875,1.76,5.09,31.0,115.0,,,,79,66.0,73.0,False,430.05425639996514,0
58405,Rayuan Lane,2025,SS,2003-07-21,Navy,American Athletic Conference,6.0,24.0,200.0,DB,70.875,200,9.75,30.25,74.625,1.56,4.57,37.0,128.0,7.1,4.28,,71,59.0,64.0,False,519.569459720238,0
58407,Gavin Bartholomew,2025,TE,2003-04-30,Pittsburgh,Atlantic Coast Conference,6.0,26.0,202.0,TE,76.625,246,9.875,31.375,78.375,1.59,4.7,,,,,,75,69.0,72.0,True,331.1527583288667,0
58408,LaJohntay Wester,2025,WR,2002-03-29,Colorado,Big Twelve Conference,6.0,27.0,203.0,WR,69.625,163,8.625,29.75,72.625,1.53,4.46,32.0,121.0,,,,63,65.0,59.0,False,1010.9723356827615,2
58413,Jimmy Horn,2025,WR,2002-09-12,Colorado,Big Twelve Conference,6.0,32.0,208.0,WR,68.125,174,8.75,30.375,74.5,1.54,4.46,38.0,128.0,,4.41,,62,55.0,55.0,False,1010.9723356827615,2
58414,Antwaun Powell-Ryland,2025,OLB,2002-02-23,Virginia Tech,Atlantic Coast Conference,6.0,33.0,209.0,DL,74.625,258,9.625,31.25,76.125,1.64,4.69,36.5,124.0,,,,80,84.0,78.0,False,356.21861318039345,0
58415,Aeneas Peebles,2025,DT,2001-09-03,Virginia Tech,Atlantic Coast Conference,6.0,34.0,210.0,DL,72.5,282,9.625,31.375,78.0,1.74,4.94,32.5,109.0,,4.7,,74,67.0,69.0,False,356.21861318039345,0
58416,Hayden Conner,2025,G,2002-04-26,Texas,Southeastern Conference,6.0,35.0,211.0,OL,78.0,314,9.625,33.25,79.625,,,,,7.9,4.88,,74,61.0,64.0,False,924.2869662298524,1
58417,Robert Longerbeam,2025,CB,2001-01-18,Rutgers,Big Ten Conference,6.0,36.0,212.0,DB,71.0,175,8.5,31.5,76.5,1.5,4.39,36.5,134.0,,,,79,61.0,69.0,False,620.6092484037355,0
58419,R.J. Mickens,2025,FS,2001-07-10,Clemson,Atlantic Coast Conference,6.0,38.0,214.0,DB,72.0,199,8.875,32.25,77.625,1.55,4.49,41.5,121.0,,,,82,64.0,71.0,False,395.87651619988316,0
58423,Jack Nelson,2025,T,2002-01-15,Wisconsin,Big Ten Conference,7.0,2.0,218.0,OL,79.0,314,10.0,33.5,81.375,,,,,,,,73,64.0,70.0,False,284.27533108562426,1
58424,Thomas Fidone,2025,TE,2002-09-20,Nebraska,Big Ten Conference,7.0,3.0,219.0,TE,77.0,243,10.625,34.0,82.625,1.57,4.7,35.5,126.0,7.01,4.29,,75,67.0,72.0,False,559.7763526092813,1
58430,Kitan Crawford,2025,FS,2001-12-31,Nevada,Mountain West Conference,7.0,9.0,225.0,DB,70.625,202,9.5,31.0,75.25,1.52,4.41,41.5,128.0,6.81,4.03,18.0,89,59.0,71.0,False,1779.624245153262,3
58437,Hunter Wohler,2025,SS,2003-01-12,Wisconsin,Big Ten Conference,7.0,16.0,232.0,DB,74.0,213,9.25,30.625,75.375,1.54,4.57,37.0,120.0,6.72,4.25,,76,61.0,69.0,False,284.27533108562426,1
58440,Tez Johnson,2025,WR,2002-05-18,Oregon,Big Ten Conference,7.0,19.0,235.0,WR,69.875,154,9.0,29.375,73.75,1.53,4.51,37.0,131.0,6.65,4.15,,63,76.0,74.0,False,1904.7316491408012,3
58443,Ricky White,2025,WR,2002-02-06,Nevada-Las Vegas,Mountain West Conference,7.0,22.0,238.0,WR,73.125,184,9.25,31.75,76.0,1.55,4.61,36.0,123.0,,,,52,78.0,67.0,False,1592.2438321476625,3
58445,Kaden Prather,2025,WR,2002-09-06,Maryland,Big Ten Conference,7.0,24.0,240.0,WR,75.5,204,9.25,31.875,77.625,1.53,4.46,30.0,114.0,,,,70,57.0,63.0,False,495.1891554953855,0
58447,Konata Mumpfield,2025,WR,2002-10-24,Pittsburgh,Atlantic Coast Conference,7.0,26.0,242.0,WR,71.375,186,8.5,29.375,74.375,1.54,4.59,36.0,124.0,,,,61,61.0,57.0,False,331.1527583288667,0
58449,Dominic Lovett,2025,WR,2002-11-08,Georgia,Southeastern Conference,7.0,28.0,244.0,WR,70.0,185,9.25,31.375,75.625,1.53,4.4,33.5,120.0,,4.27,,76,64.0,72.0,False,430.05425639996514,0
58452,Tommy Akingbesote,2025,DT,2003-02-25,Maryland,Big Ten Conference,7.0,31.0,247.0,DL,75.75,306,10.0,33.5,82.625,1.77,5.09,28.0,103.0,,,,66,61.0,63.0,False,495.1891554953855,0
58453,Moliki Matavao,2025,TE,2003-03-17,UCLA,Big Ten Conference,7.0,32.0,248.0,TE,77.625,260,9.5,32.5,78.875,1.6,4.81,32.5,114.0,,,,68,58.0,66.0,False,1815.7444459177334,3
58454,Connor Colby,2025,G,2003-01-16,Iowa,Big Ten Conference,7.0,33.0,249.0,OL,77.75,309,10.0,32.0,77.125,1.78,5.11,28.5,110.0,7.78,4.63,,80,58.0,66.0,False,311.3713474312092,1
58455,John Williams,2025,G,2002-01-17,Cincinnati,Big Twelve Conference,7.0,34.0,250.0,OL,76.125,322,11.0,33.875,81.5,1.8,5.17,,,7.93,4.72,29.0,75,68.0,70.0,False,98.06994357214846,0
58458,Zeek Biggers,2025,DT,2003-10-04,Georgia Tech,Atlantic Coast Conference,7.0,37.0,253.0,DL,77.5,321,10.25,34.875,85.125,1.74,5.14,34.5,111.0,,,,72,55.0,63.0,False,424.88242337509416,0
58459,Fadil Diggs,2025,OLB,2000-10-15,Syracuse,Atlantic Coast Conference,7.0,38.0,254.0,DL,76.375,257,10.375,33.375,79.125,1.6,4.57,30.5,121.0,,,,77,68.0,67.0,False,566.5277117275062,0
58460,Luke Lachey,2025,TE,2001-06-29,Iowa,Big Ten Conference,7.0,39.0,255.0,TE,77.75,251,10.0,32.125,78.375,,,35.0,120.0,7.18,4.47,,61,63.0,65.0,False,311.3713474312092,1
58845,Payton Page,2025,DT,2002-09-27,Clemson,Atlantic Coast Conference,,,,DL,75.25,290,10.0,31.375,79.125,,,33.0,116.0,,,,75,59.0,63.0,False,395.87651619988316,0
58998,Joshua Simon,2025,TE,2000-11-27,South Carolina,Southeastern Conference,,,,TE,76.125,239,10.125,33.875,83.0,1.58,4.65,38.0,124.0,7.22,4.4,,67,73.0,69.0,False,488.81475941038514,0
58997,Nick Nash,2025,WR,1999-07-08,San Jose State,Mountain West Conference,,,,WR,74.5,203,8.75,31.0,76.5,1.54,4.57,34.0,123.0,,,,62,70.0,66.0,False,1924.5586020720423,3
58751,Ja'Corey Brooks,2025,WR,2001-10-31,Louisville,Atlantic Coast Conference,,,,WR,74.0,184,9.0,31.75,76.75,,,,,,,,51,68.0,56.0,False,109.13729075894506,0
58486,Nazir Stackhouse,2025,DT,2002-04-18,Georgia,Southeastern Conference,,,,DL,75.75,327,10.25,32.5,78.125,1.8,5.15,27.5,105.0,,,,74,56.0,66.0,False,430.05425639996514,0
58958,Brandon Crenshaw-Dickson,2025,T,2001-02-22,Florida,Southeastern Conference,,,,OL,79.25,316,10.5,34.0,83.5,1.87,5.33,24.5,96.0,8.15,4.91,,51,64.0,61.0,False,731.5048588635136,0
58514,Elijhah Badger,2025,WR,2001-08-15,Florida,Southeastern Conference,,,,WR,73.375,200,9.5,32.125,78.625,1.53,4.43,35.5,,,,,80,69.0,75.0,False,731.5048588635136,0
58931,Jah Joyner,2025,DE,2001-07-30,Minnesota,Big Ten Conference,,,,DL,76.25,262,9.375,34.0,82.5,1.67,4.6,30.0,,7.33,4.68,,66,59.0,63.0,False,509.3397530660448,1
58852,Eli Cox,2025,C,2000-10-19,Kentucky,Southeastern Conference,,,,OL,76.25,306,9.25,31.0,77.625,1.75,5.02,32.5,109.0,7.63,4.58,,84,54.0,63.0,False,149.14377006212095,0
58772,Jabbar Muhammad,2025,CB,2001-12-28,Oregon,Big Ten Conference,,,,DB,69.125,182,9.0,28.625,71.375,,,29.5,,7.01,4.19,13.0,51,64.0,61.0,False,1904.7316491408012,3
58937,Tyler Batty,2025,OLB,1999-05-02,Brigham Young,Big Twelve Conference,,,,DL,77.625,271,9.375,33.125,81.0,1.69,4.78,34.0,120.0,7.21,4.54,27.0,75,63.0,67.0,False,1344.5749502033686,2
58497,Zy Alexander,2025,DB,2001-11-26,Louisiana State,Southeastern Conference,,,,DB,73.375,187,9.25,31.0,77.5,1.53,4.56,31.5,116.0,,,,57,70.0,66.0,False,705.010197311825,1
58857,Junior Tafuna,2025,DT,2001-02-27,Utah,Big Twelve Conference,,,,DL,75.5,308,10.5,32.5,78.75,1.8,5.03,28.5,,,,24.0,73,58.0,63.0,False,1350.832949752014,2
58880,O'Donnell Fortune,2025,DB,2001-09-08,South Carolina,Southeastern Conference,,,,DB,72.75,185,9.25,31.5,76.875,,,32.5,117.0,,,,51,63.0,60.0,False,488.81475941038514,0
58940,Logan Brown,2025,T,2001-04-17,Kansas,Big Twelve Conference,,,,OL,78.375,311,10.0,33.875,84.0,1.75,5.18,32.0,111.0,7.75,4.51,26.0,80,66.0,71.0,False,488.69092155383737,1
59278,Isaiah Bond,2025,WR,2004-03-15,Texas,Southeastern Conference,,,,WR,70.625,180,8.5,30.5,75.5,1.51,4.39,,,,,,78,65.0,75.0,True,924.2869662298524,1
58896,Xavier Truss,2025,T,2001-07-13,Georgia,Southeastern Conference,,,,OL,79.125,309,10.5,33.0,82.875,1.82,5.24,26.0,103.0,,,,61,54.0,56.0,False,430.05425639996514,0
58992,Cobee Bryant,2025,CB,2001-09-17,Kansas,Big Twelve Conference,,,,DB,72.0,180,9.25,31.25,77.0,1.56,4.53,,,,,,59,75.0,70.0,False,488.69092155383737,1
58977,Roc Taylor,2025,WR,2001-09-26,Memphis,American Athletic Conference,,,,WR,73.875,213,9.0,32.25,78.25,1.53,4.49,30.5,122.0,,,,70,61.0,64.0,False,381.6083302508978,1
59026,C.J. Dippre,2025,TE,2002-04-29,Alabama,Southeastern Conference,,,,TE,76.875,256,9.625,32.0,79.75,1.56,4.69,34.5,120.0,,,32.0,80,62.0,69.0,True,459.2515618168012,1
58987,Torricelli Simpkins,2025,G,2002-06-06,South Carolina,Southeastern Conference,,,,OL,76.625,312,10.125,32.375,82.125,1.84,5.45,29.0,110.0,,,,51,64.0,59.0,False,488.81475941038514,0
58764,Ethan Downs,2025,OLB,2002-10-13,Oklahoma,Southeastern Conference,,,,DL,75.75,269,10.5,31.0,77.0,1.62,4.69,34.0,119.0,7.58,4.59,32.0,77,58.0,64.0,False,693.2690876948159,1
58963,Cam Horsley,2025,DT,2002-02-06,Boston College,Atlantic Coast Conference,,,,DL,74.75,312,9.5,33.0,81.0,,,31.5,108.0,,,,80,61.0,68.0,False,800.2367677406744,0
58973,Sebastian Castro,2025,FS,2000-10-14,Iowa,Big Ten Conference,,,,DB,71.25,203,10.5,30.75,74.375,1.59,4.59,30.5,117.0,,4.34,,58,68.0,66.0,False,311.3713474312092,1
58825,Elijah Simmons,2025,DT,2001-07-26,Tennessee,Southeastern Conference,,,,DL,73.0,334,10.25,32.75,80.0,1.88,5.37,32.0,106.0,,,,70,54.0,63.0,True,289.8019248103057,0
58515,Jake Briningstool,2025,TE,2002-12-09,Clemson,Atlantic Coast Conference,,,,TE,77.625,241,8.625,31.5,77.625,1.6,4.75,31.0,115.0,,,,64,73.0,70.0,False,395.87651619988316,0
58866,Jake Majors,2025,C,2002-01-17,Texas,Southeastern Conference,,,,OL,75.375,306,9.875,30.375,76.0,,,,,,,25.0,76,60.0,68.0,False,924.2869662298524,1
58926,Mello Dotson,2025,DB,2002-02-19,Kansas,Big Twelve Conference,,,,DB,72.625,192,8.5,31.5,77.875,1.53,4.59,34.5,123.0,,,,65,69.0,69.0,False,488.69092155383737,1
58946,Joe Huber,2025,G,2002-05-02,Wisconsin,Big Ten Conference,,,,OL,77.125,310,9.75,32.25,79.5,1.8,5.2,28.0,106.0,7.69,4.78,,75,67.0,68.0,False,284.27533108562426,1
58734,Andrew Armstrong,2025,WR,2000-10-31,Arkansas,Southeastern Conference,,,,WR,75.75,202,9.625,32.125,79.5,1.53,4.51,37.5,124.0,6.97,4.18,11.0,74,70.0,70.0,False,505.40678932934554,1
58961,Jermari Harris,2025,DB,2000-09-19,Iowa,Big Ten Conference,,,,DB,72.5,191,9.75,31.375,76.0,,,37.0,120.0,,,,54,61.0,62.0,False,311.3713474312092,1
58737,Jalin Conyers,2025,TE,2001-07-25,Texas Tech,Big Twelve Conference,,,,TE,75.5,260,9.875,33.25,80.875,1.62,4.74,35.5,121.0,6.94,4.27,,83,68.0,75.0,False,967.8946036598624,1
58721,Kobe Hudson,2025,WR,2001-09-11,Central Florida,Big Twelve Conference,,,,WR,72.75,193,9.0,30.625,75.25,1.54,4.57,35.0,122.0,,,,59,65.0,63.0,False,821.1040491721448,0
58490,Alijah Clark,2025,FS,2003-07-11,Syracuse,Atlantic Coast Conference,,,,DB,72.75,188,9.5,30.875,77.75,1.53,4.5,33.0,122.0,,,,72,57.0,63.0,False,566.5277117275062,0
58994,Joshua Gray,2025,G,2000-03-13,Oregon State,Pacific Twelve Conference,,,,OL,77.125,299,9.5,31.375,78.625,1.73,5.04,31.0,104.0,,,,79,68.0,72.0,False,1912.8937515080167,3
58493,Traeshon Holden,2025,WR,2001-08-12,Oregon,Big Ten Conference,,,,WR,74.125,205,9.875,31.625,78.5,1.54,4.57,32.0,123.0,,,,65,64.0,63.0,False,1904.7316491408012,3
58810,Eric Gregory,2025,DT,2000-09-13,Arkansas,Southeastern Conference,,,,DL,75.25,319,9.625,33.0,81.25,1.76,5.14,27.0,108.0,7.68,4.97,28.0,73,60.0,65.0,False,505.40678932934554,1
58898,Clay Webb,2025,G,2000-03-27,Jacksonville State,Conference USA,,,,OL,75.25,312,10.0,32.0,79.5,1.72,5.11,31.0,107.0,,4.9,29.0,74,84.0,75.0,False,410.7790379643906,1
59004,Isaiah Neyor,2025,WR,2001-06-07,Nebraska,Big Ten Conference,,,,WR,76.25,218,9.5,34.375,82.625,1.51,4.4,38.0,133.0,,,,95,60.0,74.0,False,559.7763526092813,1
58901,Da'Quan Felton,2025,WR,2001-01-13,Virginia Tech,Atlantic Coast Conference,,,,WR,76.75,213,9.0,32.25,79.125,1.52,4.5,32.5,122.0,7.1,4.3,16.0,73,58.0,66.0,True,356.21861318039345,0
58717,Jacolby George,2025,WR,2003-01-25,Miami,Atlantic Coast Conference,,,,WR,71.0,172,9.5,31.375,75.5,,,32.5,120.0,6.77,,,55,66.0,56.0,False,1028.1467740891671,0
58950,Bryson Nesbit,2025,TE,2002-09-25,North Carolina,Atlantic Coast Conference,,,,TE,77.0,238,9.75,31.75,77.375,1.61,4.88,32.5,112.0,,,,56,62.0,62.0,False,470.70305178088427,0
58883,Antwane Wells,2025,WR,2001-04-02,Mississippi,Southeastern Conference,,,,WR,72.75,201,8.875,31.5,77.125,1.53,4.58,34.0,124.0,,,,63,67.0,64.0,False,416.55270343167956,1
59000,Malik Verdon,2025,ILB,2002-10-31,Iowa State,Big Twelve Conference,,,,DB,75.625,218,9.5,32.5,78.375,,,,,7.06,4.34,,68,60.0,64.0,False,420.84085659563664,1
58476,Hollin Pierce,2025,T,2000-04-19,Rutgers,Big Ten Conference,,,,OL,80.375,341,9.875,36.0,88.25,,,,,,,,71,66.0,71.0,False,620.6092484037355,0
58968,Xavier Restrepo,2025,WR,2002-04-12,Miami,Atlantic Coast Conference,,,,WR,69.875,209,9.125,29.375,71.625,,,,,,,17.0,52,76.0,72.0,False,1028.1467740891671,0
58494,Josh Kelly,2025,WR,2001-07-01,Texas Tech,Big Twelve Conference,,,,WR,72.625,186,10.5,30.875,76.625,1.56,4.7,33.0,121.0,7.02,,,53,67.0,58.0,False,967.8946036598624,1
